"Peptide.Sequence"	"Modified.Sequence"	"Prev.AA"	"Next.AA"	"Start"	"End"	"Peptide.Length"	"Charges"	"Assigned.Modifications"	"Protein"	"Protein.ID"	"Entry.Name"	"Gene"	"Protein.Description"	"Mapped.Genes"	"Mapped.Proteins"	"NP0_1_i1.Spectral.Count"	"NP0_1_i2.Spectral.Count"	"NP0_3_i1.Spectral.Count"	"NP0_3_i2.Spectral.Count"	"NPA_1_i1.Spectral.Count"	"NPA_1_i2.Spectral.Count"	"NPA_3_i1.Spectral.Count"	"NPA_3_i2.Spectral.Count"	"NPB_1_i1.Spectral.Count"	"NPB_1_i2.Spectral.Count"	"NPB_3_i1.Spectral.Count"	"NPB_3_i2.Spectral.Count"	"NP0_1_i1.Intensity"	"NP0_1_i2.Intensity"	"NP0_3_i1.Intensity"	"NP0_3_i2.Intensity"	"NPA_1_i1.Intensity"	"NPA_1_i2.Intensity"	"NPA_3_i1.Intensity"	"NPA_3_i2.Intensity"	"NPB_1_i1.Intensity"	"NPB_1_i2.Intensity"	"NPB_3_i1.Intensity"	"NPB_3_i2.Intensity"	"NP0_1_i1.MaxLFQ.Intensity"	"NP0_1_i2.MaxLFQ.Intensity"	"NP0_3_i1.MaxLFQ.Intensity"	"NP0_3_i2.MaxLFQ.Intensity"	"NPA_1_i1.MaxLFQ.Intensity"	"NPA_1_i2.MaxLFQ.Intensity"	"NPA_3_i1.MaxLFQ.Intensity"	"NPA_3_i2.MaxLFQ.Intensity"	"NPB_1_i1.MaxLFQ.Intensity"	"NPB_1_i2.MaxLFQ.Intensity"	"NPB_3_i1.MaxLFQ.Intensity"	"NPB_3_i2.MaxLFQ.Intensity"	"NP0_1_i1.Match.Type"	"NP0_1_i2.Match.Type"	"NP0_3_i1.Match.Type"	"NP0_3_i2.Match.Type"	"NPA_1_i1.Match.Type"	"NPA_1_i2.Match.Type"	"NPA_3_i1.Match.Type"	"NPA_3_i2.Match.Type"	"NPB_1_i1.Match.Type"	"NPB_1_i2.Match.Type"	"NPB_3_i1.Match.Type"	"NPB_3_i2.Match.Type"	"NP0_1_i1.Localization"	"NP0_1_i2.Localization"	"NP0_3_i1.Localization"	"NP0_3_i2.Localization"	"NPA_1_i1.Localization"	"NPA_1_i2.Localization"	"NPA_3_i1.Localization"	"NPA_3_i2.Localization"	"NPB_1_i1.Localization"	"NPB_1_i2.Localization"	"NPB_3_i1.Localization"	"NPB_3_i2.Localization"
"CGPCPAGFTGNGSHCTDVNECNAHPCFPR"	"C[57.0215]GPC[57.0215]PAGFTGN[1768.6395]GSHC[57.0215]TDVNEC[57.0215]NAHPC[57.0215]FPR"	"R"	"V"	111	139	29	"4,5"	"1C(57.0215),4C(57.0215),11N(1768.6395),15C(57.0215),21C(57.0215),26C(57.0215)"	"sp|P49747|COMP_HUMAN"	"P49747"	"COMP_HUMAN"	"COMP"	"Cartilage oligomeric matrix protein"	""	"tr|G3XAP6|G3XAP6_HUMAN"	0	0	0	0	0	0	0	0	9	6	6	7	0	0	0	0	0	0	0	0	733515140	701987390	640997950	571941380	0	0	0	0	0	0	0	0	613679100	551236350	545808000	430261280	"unmatched"	"unmatched"	"unmatched"	"unmatched"	"unmatched"	"unmatched"	"unmatched"	"unmatched"	"MS/MS"	"MS/MS"	"MS/MS"	"MS/MS"	""	""	""	""	""	""	""	""	"C:57.0215@C(1)GPC(1)PAGFTGNGSHC(1)TDVNEC(1)NAHPC(1)FPR;N:1768.6395@CGPCPAGFTGN(1)GSHCTDVNECNAHPCFPR;"	"C:57.0215@C(1)GPC(1)PAGFTGNGSHC(1)TDVNEC(1)NAHPC(1)FPR;N:1768.6395@CGPCPAGFTGN(1)GSHCTDVNECNAHPCFPR;"	"C:57.0215@C(1)GPC(1)PAGFTGNGSHC(1)TDVNEC(1)NAHPC(1)FPR;N:1768.6395@CGPCPAGFTGN(1)GSHCTDVNECNAHPCFPR;"	"C:57.0215@C(1)GPC(1)PAGFTGNGSHC(1)TDVNEC(1)NAHPC(1)FPR;N:1768.6395@CGPCPAGFTGN(1)GSHCTDVNECNAHPCFPR;"
"DLQSLEDILHQVENK"	"DLQSLEDILHQVEN[1622.5815]K"	"K"	"T"	65	79	15	"3,4"	"14N(1622.5815)"	"tr|C9JC84|C9JC84_HUMAN"	"C9JC84"	"C9JC84_HUMAN"	"FGG"	"Fibrinogen gamma chain"	""	"sp|P02679|FIBG_HUMAN, tr|C9JEU5|C9JEU5_HUMAN"	0	0	1	1	0	0	0	0	5	4	7	7	0	0	38119468	44284280	0	0	0	0	199611936	171694560	728598590	809216130	0	0	38119468	33833852	0	0	0	0	174951168	147446896	652023420	724936130	"unmatched"	"unmatched"	"MS/MS"	"MS/MS"	"unmatched"	"unmatched"	"unmatched"	"unmatched"	"MS/MS"	"MS/MS"	"MS/MS"	"MS/MS"	""	""	"N:1622.5815@DLQSLEDILHQVEN(1)K;"	"N:1622.5815@DLQSLEDILHQVEN(1)K;"	""	""	""	""	"N:1622.5815@DLQSLEDILHQVEN(1)K;"	"N:1622.5815@DLQSLEDILHQVEN(1)K;"	"N:1622.5815@DLQSLEDILHQVEN(1)K;"	"N:1622.5815@DLQSLEDILHQVEN(1)K;"
"DLQSLEDILHQVENK"	"DLQSLEDILHQVEN[1913.6770]K"	"K"	"T"	65	79	15	"3,4"	"14N(1913.6770)"	"tr|C9JC84|C9JC84_HUMAN"	"C9JC84"	"C9JC84_HUMAN"	"FGG"	"Fibrinogen gamma chain"	""	"sp|P02679|FIBG_HUMAN, tr|C9JEU5|C9JEU5_HUMAN"	0	3	2	4	1	2	2	2	13	18	13	12	79323392	38674784	555182400	233075360	82493352	66494792	32800096	47038968	1999132800	2726001660	4492507600	4746360800	56148156	27895362	403693120	166621104	82493352	66494792	32800096	47038968	1999132800	1949535620	3189065220	3440004610	"MBR"	"MS/MS"	"MS/MS"	"MS/MS"	"MS/MS"	"MS/MS"	"MS/MS"	"MS/MS"	"MS/MS"	"MS/MS"	"MS/MS"	"MS/MS"	""	"N:1913.6770@DLQSLEDILHQVEN(1)K;"	"N:1913.6770@DLQSLEDILHQVEN(1)K;"	"N:1913.6770@DLQSLEDILHQVEN(1)K;"	"N:1913.6770@DLQSLEDILHQVEN(1)K;"	"N:1913.6770@DLQSLEDILHQVEN(1)K;"	"N:1913.6770@DLQSLEDILHQVEN(1)K;"	"N:1913.6770@DLQSLEDILHQVEN(1)K;"	"N:1913.6770@DLQSLEDILHQVEN(1)K;"	"N:1913.6770@DLQSLEDILHQVEN(1)K;"	"N:1913.6770@DLQSLEDILHQVEN(1)K;"	"N:1913.6770@DLQSLEDILHQVEN(1)K;"
"DLQSLEDILHQVENK"	"DLQSLEDILHQVEN[2204.7725]K"	"K"	"T"	65	79	15	"3,4"	"14N(2204.7725)"	"tr|C9JC84|C9JC84_HUMAN"	"C9JC84"	"C9JC84_HUMAN"	"FGG"	"Fibrinogen gamma chain"	""	"sp|P02679|FIBG_HUMAN, tr|C9JEU5|C9JEU5_HUMAN"	0	3	1	3	2	1	3	1	5	4	10	5	57285816	41171204	101989664	110183456	47474616	19714894	38942160	20219134	1049456450	1006924860	1111344900	1126725630	30794606	21870458	111737048	57163740	24839196	21599092	39433596	22151524	556286720	505983904	574833280	595517380	"MBR"	"MS/MS"	"MS/MS"	"MS/MS"	"MS/MS"	"MS/MS"	"MS/MS"	"MS/MS"	"MS/MS"	"MS/MS"	"MS/MS"	"MS/MS"	""	"N:2204.7725@DLQSLEDILHQVEN(1)K;"	"N:2204.7725@DLQSLEDILHQVEN(1)K;"	"N:2204.7725@DLQSLEDILHQVEN(1)K;"	"N:2204.7725@DLQSLEDILHQVEN(1)K;"	"N:2204.7725@DLQSLEDILHQVEN(1)K;"	"N:2204.7725@DLQSLEDILHQVEN(1)K;"	"N:2204.7725@DLQSLEDILHQVEN(1)K;"	"N:2204.7725@DLQSLEDILHQVEN(1)K;"	"N:2204.7725@DLQSLEDILHQVEN(1)K;"	"N:2204.7725@DLQSLEDILHQVEN(1)K;"	"N:2204.7725@DLQSLEDILHQVEN(1)K;"
"EDNAVQPNSSYTYVWHATER"	"EDNAVQPN[1913.6770]SSYTYVWHATER"	"K"	"S"	1696	1715	20	"3,4"	"8N(1913.6770)"	"sp|P12259|FA5_HUMAN"	"P12259"	"FA5_HUMAN"	"F5"	"Coagulation factor V"	""	"tr|A0A0A0MRJ7|A0A0A0MRJ7_HUMAN"	0	0	0	0	8	6	9	9	4	2	3	6	0	0	8814518	0	2317571840	35841116	1212463490	829437570	13235107	16825956	47821668	60048552	0	0	8468067	0	1178010620	40381212	602416260	434940896	14911635	18957346	25543744	31282264	"unmatched"	"unmatched"	"MBR"	"unmatched"	"MS/MS"	"MS/MS"	"MS/MS"	"MS/MS"	"MS/MS"	"MS/MS"	"MS/MS"	"MS/MS"	""	""	""	""	"N:1913.6770@EDNAVQPN(1)SSYTYVWHATER;"	"N:1913.6770@EDNAVQPN(1)SSYTYVWHATER;"	"N:1913.6770@EDNAVQPN(1)SSYTYVWHATER;"	"N:1913.6770@EDNAVQPN(1)SSYTYVWHATER;"	"N:1913.6770@EDNAVQPN(1)SSYTYVWHATER;"	"N:1913.6770@EDNAVQPN(1)SSYTYVWHATER;"	"N:1913.6770@EDNAVQPN(1)SSYTYVWHATER;"	"N:1913.6770@EDNAVQPN(1)SSYTYVWHATER;"
"EDNAVQPNSSYTYVWHATER"	"EDNAVQPN[2204.7725]SSYTYVWHATER"	"K"	"S"	1696	1715	20	"3,4,5"	"8N(2204.7725)"	"sp|P12259|FA5_HUMAN"	"P12259"	"FA5_HUMAN"	"F5"	"Coagulation factor V"	""	"tr|A0A0A0MRJ7|A0A0A0MRJ7_HUMAN"	0	0	1	0	12	9	11	19	3	3	3	4	0	0	7727995	0	6730972200	247173792	6567350300	5692213800	121650056	115884032	86417176	68413608	0	0	7727995	0	4620158500	172474160	4603726300	4107767810	86049224	84784480	62924420	51393116	"unmatched"	"unmatched"	"MS/MS"	"unmatched"	"MS/MS"	"MS/MS"	"MS/MS"	"MS/MS"	"MS/MS"	"MS/MS"	"MS/MS"	"MS/MS"	""	""	"N:2204.7725@EDNAVQPN(1)SSYTYVWHATER;"	""	"N:2204.7725@EDNAVQPN(1)SSYTYVWHATER;"	"N:2204.7725@EDNAVQPN(1)SSYTYVWHATER;"	"N:2204.7725@EDNAVQPN(1)SSYTYVWHATER;"	"N:2204.7725@EDNAVQPN(1)SSYTYVWHATER;"	"N:2204.7725@EDNAVQPN(1)SSYTYVWHATER;"	"N:2204.7725@EDNAVQPN(1)SSYTYVWHATER;"	"N:2204.7725@EDNAVQPN(1)SSYTYVWHATER;"	"N:2204.7725@EDNAVQPN(1)SSYTYVWHATER;"
"EEQFNSTFR"	"EEQFN[1444.5338]STFR"	"R"	"V"	172	180	9	"2,3"	"5N(1444.5338)"	"sp|P01859|IGHG2_HUMAN"	"P01859"	"IGHG2_HUMAN"	"IGHG2"	"Immunoglobulin heavy constant gamma 2"	""	""	1	2	2	3	0	0	0	0	1	1	1	2	194955488	106294344	572297730	257134800	0	9473328	5127927	0	5816245.5	2806866.8	15674943	17226492	187641184	102306408	401941536	180808672	0	9117909	4935538.5	0	5598032.5	7302042.5	15086853	11932175	"MS/MS"	"MS/MS"	"MS/MS"	"MS/MS"	"unmatched"	"MBR"	"MBR"	"unmatched"	"MS/MS"	"MS/MS"	"MS/MS"	"MS/MS"	"N:1444.5338@EEQFN(1)STFR;"	"N:1444.5338@EEQFN(1)STFR;"	"N:1444.5338@EEQFN(1)STFR;"	"N:1444.5338@EEQFN(1)STFR;"	""	""	""	""	"N:1444.5338@EEQFN(1)STFR;"	"N:1444.5338@EEQFN(1)STFR;"	"N:1444.5338@EEQFN(1)STFR;"	"N:1444.5338@EEQFN(1)STFR;"
"EEQFNSTFR"	"EEQFN[1768.6395]STFR"	"R"	"V"	172	180	9	"3"	"5N(1768.6395)"	"sp|P01859|IGHG2_HUMAN"	"P01859"	"IGHG2_HUMAN"	"IGHG2"	"Immunoglobulin heavy constant gamma 2"	""	""	0	1	0	0	0	1	0	0	0	1	0	0	236048512	135135856	574257980	245610496	0	14879391	0	0	0	6078493	0	0	236048512	135135856	574257980	245610496	0	14879391	0	0	0	6078493	0	0	"MBR"	"MS/MS"	"MBR"	"MBR"	"unmatched"	"MS/MS"	"unmatched"	"unmatched"	"unmatched"	"MS/MS"	"unmatched"	"unmatched"	""	"N:1768.6395@EEQFN(1)STFR;"	""	""	""	"N:1768.6395@EEQFN(1)STFR;"	""	""	""	"N:1768.6395@EEQFN(1)STFR;"	""	""
"EEQYNSTYR"	"EEQYN[1444.5338]STYR"	"R"	"V"	176	184	9	"2,3"	"5N(1444.5338)"	"sp|P01857|IGHG1_HUMAN"	"P01857"	"IGHG1_HUMAN"	"IGHG1"	"Immunoglobulin heavy constant gamma 1"	""	""	2	2	3	3	0	0	0	0	3	2	2	0	403221312	187911472	1106754050	423415616	0	5469077.5	3892624	0	27031876	16242853	26690856	0	313536256	145174032	852704770	335416480	0	5469077.5	3892624	0	21370446	16242853	26690856	0	"MS/MS"	"MS/MS"	"MS/MS"	"MS/MS"	"unmatched"	"MBR"	"MBR"	"unmatched"	"MS/MS"	"MS/MS"	"MS/MS"	"unmatched"	"N:1444.5338@EEQYN(1)STYR;"	"N:1444.5338@EEQYN(1)STYR;"	"N:1444.5338@EEQYN(1)STYR;"	"N:1444.5338@EEQYN(1)STYR;"	""	""	""	""	"N:1444.5338@EEQYN(1)STYR;"	"N:1444.5338@EEQYN(1)STYR;"	"N:1444.5338@EEQYN(1)STYR;"	""
"EEQYNSTYR"	"EEQYN[2059.7349]STYR"	"R"	"V"	176	184	9	"3"	"5N(2059.7349)"	"sp|P01857|IGHG1_HUMAN"	"P01857"	"IGHG1_HUMAN"	"IGHG1"	"Immunoglobulin heavy constant gamma 1"	""	""	0	0	0	1	0	2	0	0	0	0	1	1	335706144	176213744	928892740	373106272	0	14874215	10225227	0	0	0	22277886	23223102	335706144	176213744	928892740	373106272	0	14874215	10225227	0	0	0	22277886	23223102	"MBR"	"MBR"	"MBR"	"MS/MS"	"unmatched"	"MS/MS"	"MBR"	"unmatched"	"unmatched"	"unmatched"	"MS/MS"	"MS/MS"	""	""	""	"N:2059.7349@EEQYN(1)STYR;"	""	"N:2059.7349@EEQYN(1)STYR;"	""	""	""	""	"N:2059.7349@EEQYN(1)STYR;"	"N:2059.7349@EEQYN(1)STYR;"
"EHEGAIYPDNTTDFQR"	"EHEGAIYPDN[2204.7725]TTDFQR"	"K"	"A"	129	144	16	"3,4"	"10N(2204.7725)"	"sp|P00450|CERU_HUMAN"	"P00450"	"CERU_HUMAN"	"CP"	"Ceruloplasmin"	""	"tr|E9PFZ2|E9PFZ2_HUMAN"	3	7	2	3	4	2	2	2	6	5	7	6	358153952	187674464	1190943740	388897600	135734848	105320952	144213504	184014432	227467360	282494240	283213920	240836240	200836560	107531944	677049540	220207312	77648224	59919036	83265760	105008664	130440832	162207760	163504944	134751888	"MS/MS"	"MS/MS"	"MS/MS"	"MS/MS"	"MS/MS"	"MS/MS"	"MS/MS"	"MS/MS"	"MS/MS"	"MS/MS"	"MS/MS"	"MS/MS"	"N:2204.7725@EHEGAIYPDN(1)TTDFQR;"	"N:2204.7725@EHEGAIYPDN(1)TTDFQR;"	"N:2204.7725@EHEGAIYPDN(1)TTDFQR;"	"N:2204.7725@EHEGAIYPDN(1)TTDFQR;"	"N:2204.7725@EHEGAIYPDN(1)TTDFQR;"	"N:2204.7725@EHEGAIYPDN(1)TTDFQR;"	"N:2204.7725@EHEGAIYPDN(1)TTDFQR;"	"N:2204.7725@EHEGAIYPDN(1)TTDFQR;"	"N:2204.7725@EHEGAIYPDN(1)TTDFQR;"	"N:2204.7725@EHEGAIYPDN(1)TTDFQR;"	"N:2204.7725@EHEGAIYPDN(1)TTDFQR;"	"N:2204.7725@EHEGAIYPDN(1)TTDFQR;"
"ETLSNASGTFAIR"	"ETLSN[1913.6770]ASGTFAIR"	"M"	"L"	2	14	13	"3,4"	"5N(1913.6770)"	"sp|P50453|SPB9_HUMAN"	"P50453"	"SPB9_HUMAN"	"SERPINB9"	"Serpin B9"	""	""	0	0	0	0	2	2	2	3	4	2	2	2	0	0	0	0	430594880	898909180	58510632	350306944	829724610	811596740	1308750720	1297040000	0	0	0	0	1175901570	767505340	49813400	291282464	425540416	407843200	629385470	718421440	"unmatched"	"unmatched"	"unmatched"	"unmatched"	"MS/MS"	"MS/MS"	"MS/MS"	"MS/MS"	"MS/MS"	"MS/MS"	"MS/MS"	"MS/MS"	""	""	""	""	"N:1913.6770@ETLSN(1)ASGTFAIR;"	"N:1913.6770@ETLSN(1)ASGTFAIR;"	"N:1913.6770@ETLSN(1)ASGTFAIR;"	"N:1913.6770@ETLSN(1)ASGTFAIR;"	"N:1913.6770@ETLSN(1)ASGTFAIR;"	"N:1913.6770@ETLSN(1)ASGTFAIR;"	"N:1913.6770@ETLSN(1)ASGTFAIR;"	"N:1913.6770@ETLSN(1)ASGTFAIR;"
"ETLSNASGTFAIR"	"ETLSN[2204.7725]ASGTFAIR"	"M"	"L"	2	14	13	"3,4"	"5N(2204.7725)"	"sp|P50453|SPB9_HUMAN"	"P50453"	"SPB9_HUMAN"	"SERPINB9"	"Serpin B9"	""	""	0	0	0	0	3	2	3	3	0	1	3	2	0	0	0	3232193.8	2642010620	2493932030	2577722880	2339982590	0	532621888	1679235710	1025409280	0	0	0	2986838.8	1692484220	1609867140	1679111040	1479876860	0	1118749060	1069467010	947570690	"unmatched"	"unmatched"	"unmatched"	"MBR"	"MS/MS"	"MS/MS"	"MS/MS"	"MS/MS"	"unmatched"	"MS/MS"	"MS/MS"	"MS/MS"	""	""	""	""	"N:2204.7725@ETLSN(1)ASGTFAIR;"	"N:2204.7725@ETLSN(1)ASGTFAIR;"	"N:2204.7725@ETLSN(1)ASGTFAIR;"	"N:2204.7725@ETLSN(1)ASGTFAIR;"	""	"N:2204.7725@ETLSN(1)ASGTFAIR;"	"N:2204.7725@ETLSN(1)ASGTFAIR;"	"N:2204.7725@ETLSN(1)ASGTFAIR;"
"EYESYSDFERNVTEK"	"EYESYSDFERN[1913.6770]VTEK"	"K"	"M"	233	247	15	"3,4"	"11N(1913.6770)"	"sp|P07358|CO8B_HUMAN"	"P07358"	"CO8B_HUMAN"	"C8B"	"Complement component C8 beta chain"	""	""	2	2	1	1	4	3	4	4	0	0	0	1	107883208	77575424	50942584	33696140	1596186370	1470884350	1117903360	850498820	0	0	0	22733266	69032912	51224544	50942584	33696140	1057178240	974295230	740436860	557720580	0	0	0	22733266	"MS/MS"	"MS/MS"	"MS/MS"	"MS/MS"	"MS/MS"	"MS/MS"	"MS/MS"	"MS/MS"	"unmatched"	"unmatched"	"unmatched"	"MS/MS"	"N:1913.6770@EYESYSDFERN(1)VTEK;"	"N:1913.6770@EYESYSDFERN(1)VTEK;"	"N:1913.6770@EYESYSDFERN(1)VTEK;"	"N:1913.6770@EYESYSDFERN(1)VTEK;"	"N:1913.6770@EYESYSDFERN(1)VTEK;"	"N:1913.6770@EYESYSDFERN(1)VTEK;"	"N:1913.6770@EYESYSDFERN(1)VTEK;"	"N:1913.6770@EYESYSDFERN(1)VTEK;"	""	""	""	"N:1913.6770@EYESYSDFERN(1)VTEK;"
"EYESYSDFERNVTEK"	"EYESYSDFERN[2204.7725]VTEK"	"K"	"M"	233	247	15	"3,4"	"11N(2204.7725)"	"sp|P07358|CO8B_HUMAN"	"P07358"	"CO8B_HUMAN"	"C8B"	"Complement component C8 beta chain"	""	""	0	1	1	1	2	2	2	2	2	3	2	2	125815584	28658492	160211584	57998312	5465123800	4765465600	4497483800	4533993500	50780588	75467248	72851560	99186336	71111024	28658492	160211584	57998312	3161373440	2719295230	2589985540	2516173310	50780588	43122028	42334720	58087204	"MBR"	"MS/MS"	"MS/MS"	"MS/MS"	"MS/MS"	"MS/MS"	"MS/MS"	"MS/MS"	"MS/MS"	"MS/MS"	"MS/MS"	"MS/MS"	""	"N:2204.7725@EYESYSDFERN(1)VTEK;"	"N:2204.7725@EYESYSDFERN(1)VTEK;"	"N:2204.7725@EYESYSDFERN(1)VTEK;"	"N:2204.7725@EYESYSDFERN(1)VTEK;"	"N:2204.7725@EYESYSDFERN(1)VTEK;"	"N:2204.7725@EYESYSDFERN(1)VTEK;"	"N:2204.7725@EYESYSDFERN(1)VTEK;"	"N:2204.7725@EYESYSDFERN(1)VTEK;"	"N:2204.7725@EYESYSDFERN(1)VTEK;"	"N:2204.7725@EYESYSDFERN(1)VTEK;"	"N:2204.7725@EYESYSDFERN(1)VTEK;"
"FEDGVLDPDYPRNISDGFDGIPDNVDAALALPAHSYSGR"	"FEDGVLDPDYPRN[1913.6770]ISDGFDGIPDNVDAALALPAHSYSGR"	"R"	"E"	230	268	39	"4,5"	"13N(1913.6770)"	"sp|P04004|VTNC_HUMAN"	"P04004"	"VTNC_HUMAN"	"VTN"	"Vitronectin"	""	""	0	0	0	0	0	0	0	0	10	6	20	14	0	0	0	0	0	0	0	0	1903780100	2277900030	2674443260	4687631900	0	0	0	0	0	0	0	0	1612685440	1962176900	780569470	4006910980	"unmatched"	"unmatched"	"unmatched"	"unmatched"	"unmatched"	"unmatched"	"unmatched"	"unmatched"	"MS/MS"	"MS/MS"	"MS/MS"	"MS/MS"	""	""	""	""	""	""	""	""	"N:1913.6770@FEDGVLDPDYPRN(1)ISDGFDGIPDNVDAALALPAHSYSGR;"	"N:1913.6770@FEDGVLDPDYPRN(1)ISDGFDGIPDNVDAALALPAHSYSGR;"	"N:1913.6770@FEDGVLDPDYPRN(1)ISDGFDGIPDNVDAALALPAHSYSGR;"	"N:1913.6770@FEDGVLDPDYPRN(1)ISDGFDGIPDNVDAALALPAHSYSGR;"
"FEDGVLDPDYPRNISDGFDGIPDNVDAALALPAHSYSGR"	"FEDGVLDPDYPRN[2059.7349]ISDGFDGIPDNVDAALALPAHSYSGR"	"R"	"E"	230	268	39	"4,5"	"13N(2059.7349)"	"sp|P04004|VTNC_HUMAN"	"P04004"	"VTNC_HUMAN"	"VTN"	"Vitronectin"	""	""	0	0	0	0	0	0	0	0	1	1	3	5	0	0	0	0	0	0	0	0	484610944	403518304	995957120	2426327040	0	0	0	0	0	0	0	0	462514848	422797408	1043541440	1211848060	"unmatched"	"unmatched"	"unmatched"	"unmatched"	"unmatched"	"unmatched"	"unmatched"	"unmatched"	"MS/MS"	"MS/MS"	"MS/MS"	"MS/MS"	""	""	""	""	""	""	""	""	"N:2059.7349@FEDGVLDPDYPRN(1)ISDGFDGIPDNVDAALALPAHSYSGR;"	"N:2059.7349@FEDGVLDPDYPRN(1)ISDGFDGIPDNVDAALALPAHSYSGR;"	"N:2059.7349@FEDGVLDPDYPRN(1)ISDGFDGIPDNVDAALALPAHSYSGR;"	"N:2059.7349@FEDGVLDPDYPRN(1)ISDGFDGIPDNVDAALALPAHSYSGR;"
"FEDGVLDPDYPRNISDGFDGIPDNVDAALALPAHSYSGR"	"FEDGVLDPDYPRN[2204.7725]ISDGFDGIPDNVDAALALPAHSYSGR"	"R"	"E"	230	268	39	"4,5"	"13N(2204.7725)"	"sp|P04004|VTNC_HUMAN"	"P04004"	"VTNC_HUMAN"	"VTN"	"Vitronectin"	""	""	0	0	3	2	5	2	7	4	51	27	45	30	0	0	0	0	159513424	115843416	248335232	137272384	15703993300	13507440600	16029219800	16984211500	0	0	0	0	85592360	62460144	133717960	74147200	8405421600	7253243900	8663224300	9166115800	"unmatched"	"unmatched"	"MS/MS"	"MS/MS"	"MS/MS"	"MS/MS"	"MS/MS"	"MS/MS"	"MS/MS"	"MS/MS"	"MS/MS"	"MS/MS"	""	""	"N:2204.7725@FEDGVLDPDYPRN(1)ISDGFDGIPDNVDAALALPAHSYSGR;"	"N:2204.7725@FEDGVLDPDYPRN(1)ISDGFDGIPDNVDAALALPAHSYSGR;"	"N:2204.7725@FEDGVLDPDYPRN(1)ISDGFDGIPDNVDAALALPAHSYSGR;"	"N:2204.7725@FEDGVLDPDYPRN(1)ISDGFDGIPDNVDAALALPAHSYSGR;"	"N:2204.7725@FEDGVLDPDYPRN(1)ISDGFDGIPDNVDAALALPAHSYSGR;"	"N:2204.7725@FEDGVLDPDYPRN(1)ISDGFDGIPDNVDAALALPAHSYSGR;"	"N:2204.7725@FEDGVLDPDYPRN(1)ISDGFDGIPDNVDAALALPAHSYSGR;"	"N:2204.7725@FEDGVLDPDYPRN(1)ISDGFDGIPDNVDAALALPAHSYSGR;"	"N:2204.7725@FEDGVLDPDYPRN(1)ISDGFDGIPDNVDAALALPAHSYSGR;"	"N:2204.7725@FEDGVLDPDYPRN(1)ISDGFDGIPDNVDAALALPAHSYSGR;"
"FEDGVLDPDYPRNISDGFDGIPDNVDAALALPAHSYSGR"	"FEDGVLDPDYPRN[2350.7925]ISDGFDGIPDNVDAALALPAHSYSGR"	"R"	"E"	230	268	39	"4"	"13N(2350.7925)"	"sp|P04004|VTNC_HUMAN"	"P04004"	"VTNC_HUMAN"	"VTN"	"Vitronectin"	""	""	0	0	0	0	0	0	0	0	1	0	1	1	0	0	0	0	0	0	0	0	0	0	0	0	0	0	0	0	0	0	0	0	0	0	0	0	"unmatched"	"unmatched"	"unmatched"	"unmatched"	"unmatched"	"unmatched"	"unmatched"	"unmatched"	"MS/MS"	"unmatched"	"MS/MS"	"MS/MS"	""	""	""	""	""	""	""	""	"N:2350.7925@FEDGVLDPDYPRN(1)ISDGFDGIPDNVDAALALPAHSYSGR;"	""	"N:2350.7925@FEDGVLDPDYPRN(1)ISDGFDGIPDNVDAALALPAHSYSGR;"	"N:2350.7925@FEDGVLDPDYPRN(1)ISDGFDGIPDNVDAALALPAHSYSGR;"
"FEDGVLDPDYPRNISDGFDGIPDNVDAALALPAHSYSGR"	"FEDGVLDPDYPRN[2350.8303]ISDGFDGIPDNVDAALALPAHSYSGR"	"R"	"E"	230	268	39	"4,5"	"13N(2350.8303)"	"sp|P04004|VTNC_HUMAN"	"P04004"	"VTNC_HUMAN"	"VTN"	"Vitronectin"	""	""	0	0	0	0	6	4	5	5	13	6	11	11	0	0	0	0	0	0	0	22322350	2987852290	3805470210	2773739780	5169212400	0	0	0	0	0	0	0	22322350	1253719680	4082723580	1607929730	5533233700	"unmatched"	"unmatched"	"unmatched"	"unmatched"	"MS/MS"	"MS/MS"	"MS/MS"	"MS/MS"	"MS/MS"	"MS/MS"	"MS/MS"	"MS/MS"	""	""	""	""	"N:2350.8303@FEDGVLDPDYPRN(1)ISDGFDGIPDNVDAALALPAHSYSGR;"	"N:2350.8303@FEDGVLDPDYPRN(1)ISDGFDGIPDNVDAALALPAHSYSGR;"	"N:2350.8303@FEDGVLDPDYPRN(1)ISDGFDGIPDNVDAALALPAHSYSGR;"	"N:2350.8303@FEDGVLDPDYPRN(1)ISDGFDGIPDNVDAALALPAHSYSGR;"	"N:2350.8303@FEDGVLDPDYPRN(1)ISDGFDGIPDNVDAALALPAHSYSGR;"	"N:2350.8303@FEDGVLDPDYPRN(1)ISDGFDGIPDNVDAALALPAHSYSGR;"	"N:2350.8303@FEDGVLDPDYPRN(1)ISDGFDGIPDNVDAALALPAHSYSGR;"	"N:2350.8303@FEDGVLDPDYPRN(1)ISDGFDGIPDNVDAALALPAHSYSGR;"
"FEDGVLDPDYPRNISDGFDGIPDNVDAALALPAHSYSGR"	"FEDGVLDPDYPRN[2569.9045]ISDGFDGIPDNVDAALALPAHSYSGR"	"R"	"E"	230	268	39	"4,5"	"13N(2569.9045)"	"sp|P04004|VTNC_HUMAN"	"P04004"	"VTNC_HUMAN"	"VTN"	"Vitronectin"	""	""	0	0	0	0	4	2	0	4	12	7	20	19	0	0	0	0	0	0	0	0	2277791230	1861202430	2833635330	3186611200	0	0	0	0	0	0	0	0	1526862980	1263965180	1777056640	2160923650	"unmatched"	"unmatched"	"unmatched"	"unmatched"	"MS/MS"	"MS/MS"	"unmatched"	"MS/MS"	"MS/MS"	"MS/MS"	"MS/MS"	"MS/MS"	""	""	""	""	"N:2569.9045@FEDGVLDPDYPRN(1)ISDGFDGIPDNVDAALALPAHSYSGR;"	"N:2569.9045@FEDGVLDPDYPRN(1)ISDGFDGIPDNVDAALALPAHSYSGR;"	""	"N:2569.9045@FEDGVLDPDYPRN(1)ISDGFDGIPDNVDAALALPAHSYSGR;"	"N:2569.9045@FEDGVLDPDYPRN(1)ISDGFDGIPDNVDAALALPAHSYSGR;"	"N:2569.9045@FEDGVLDPDYPRN(1)ISDGFDGIPDNVDAALALPAHSYSGR;"	"N:2569.9045@FEDGVLDPDYPRN(1)ISDGFDGIPDNVDAALALPAHSYSGR;"	"N:2569.9045@FEDGVLDPDYPRN(1)ISDGFDGIPDNVDAALALPAHSYSGR;"
"FEDGVLDPDYPRNISDGFDGIPDNVDAALALPAHSYSGR"	"FEDGVLDPDYPRN[2715.9624]ISDGFDGIPDNVDAALALPAHSYSGR"	"R"	"E"	230	268	39	"4,5"	"13N(2715.9624)"	"sp|P04004|VTNC_HUMAN"	"P04004"	"VTNC_HUMAN"	"VTN"	"Vitronectin"	""	""	0	0	0	0	4	2	0	0	5	4	13	6	0	0	0	0	0	13902118	0	0	669801660	0	1635080960	1546470530	0	0	0	0	0	13902118	0	0	0	0	1635080960	1546470530	"unmatched"	"unmatched"	"unmatched"	"unmatched"	"MS/MS"	"MS/MS"	"unmatched"	"unmatched"	"MS/MS"	"MS/MS"	"MS/MS"	"MS/MS"	""	""	""	""	"N:2715.9624@FEDGVLDPDYPRN(1)ISDGFDGIPDNVDAALALPAHSYSGR;"	"N:2715.9624@FEDGVLDPDYPRN(1)ISDGFDGIPDNVDAALALPAHSYSGR;"	""	""	"N:2715.9624@FEDGVLDPDYPRN(1)ISDGFDGIPDNVDAALALPAHSYSGR;"	"N:2715.9624@FEDGVLDPDYPRN(1)ISDGFDGIPDNVDAALALPAHSYSGR;"	"N:2715.9624@FEDGVLDPDYPRN(1)ISDGFDGIPDNVDAALALPAHSYSGR;"	"N:2715.9624@FEDGVLDPDYPRN(1)ISDGFDGIPDNVDAALALPAHSYSGR;"
"FEDGVLDPDYPRNISDGFDGIPDNVDAALALPAHSYSGR"	"FEDGVLDPDYPRN[2716.9829]ISDGFDGIPDNVDAALALPAHSYSGR"	"R"	"E"	230	268	39	"4,5"	"13N(2716.9829)"	"sp|P04004|VTNC_HUMAN"	"P04004"	"VTNC_HUMAN"	"VTN"	"Vitronectin"	""	""	0	0	0	0	0	0	0	0	2	2	0	1	0	0	0	0	0	12985945	0	0	440726272	820051390	0	54951356	0	0	0	0	0	12985945	0	0	440726272	820051390	0	0	"unmatched"	"unmatched"	"unmatched"	"unmatched"	"unmatched"	"MBR"	"unmatched"	"unmatched"	"MS/MS"	"MS/MS"	"unmatched"	"MS/MS"	""	""	""	""	""	""	""	""	"N:2716.9829@FEDGVLDPDYPRN(1)ISDGFDGIPDNVDAALALPAHSYSGR;"	"N:2716.9829@FEDGVLDPDYPRN(1)ISDGFDGIPDNVDAALALPAHSYSGR;"	""	"N:2716.9829@FEDGVLDPDYPRN(1)ISDGFDGIPDNVDAALALPAHSYSGR;"
"FEDGVLDPDYPRNISDGFDGIPDNVDAALALPAHSYSGR"	"FEDGVLDPDYPRN[2861.0000]ISDGFDGIPDNVDAALALPAHSYSGR"	"R"	"E"	230	268	39	"4,5"	"13N(2861.0000)"	"sp|P04004|VTNC_HUMAN"	"P04004"	"VTNC_HUMAN"	"VTN"	"Vitronectin"	""	""	0	0	0	0	4	6	8	7	32	21	25	23	0	0	0	0	72209312	82936472	131543928	139895200	68946776	3699337470	1257167620	509428032	0	0	0	0	78585072	57568740	143158672	98858392	49097848	2551165950	757317060	342157792	"unmatched"	"unmatched"	"unmatched"	"unmatched"	"MS/MS"	"MS/MS"	"MS/MS"	"MS/MS"	"MS/MS"	"MS/MS"	"MS/MS"	"MS/MS"	""	""	""	""	"N:2861.0000@FEDGVLDPDYPRN(1)ISDGFDGIPDNVDAALALPAHSYSGR;"	"N:2861.0000@FEDGVLDPDYPRN(1)ISDGFDGIPDNVDAALALPAHSYSGR;"	"N:2861.0000@FEDGVLDPDYPRN(1)ISDGFDGIPDNVDAALALPAHSYSGR;"	"N:2861.0000@FEDGVLDPDYPRN(1)ISDGFDGIPDNVDAALALPAHSYSGR;"	"N:2861.0000@FEDGVLDPDYPRN(1)ISDGFDGIPDNVDAALALPAHSYSGR;"	"N:2861.0000@FEDGVLDPDYPRN(1)ISDGFDGIPDNVDAALALPAHSYSGR;"	"N:2861.0000@FEDGVLDPDYPRN(1)ISDGFDGIPDNVDAALALPAHSYSGR;"	"N:2861.0000@FEDGVLDPDYPRN(1)ISDGFDGIPDNVDAALALPAHSYSGR;"
"FEDGVLDPDYPRNISDGFDGIPDNVDAALALPAHSYSGR"	"FEDGVLDPDYPRN[3007.0579]ISDGFDGIPDNVDAALALPAHSYSGR"	"R"	"E"	230	268	39	"4,5"	"13N(3007.0579)"	"sp|P04004|VTNC_HUMAN"	"P04004"	"VTNC_HUMAN"	"VTN"	"Vitronectin"	""	""	0	0	1	0	2	3	3	3	6	3	6	5	0	0	0	0	181214928	115152680	162506160	147912320	1622586110	209580240	108959744	32499562	0	0	0	0	130160144	86219080	349820608	112742360	312457952	286632160	86699368	44447988	"unmatched"	"unmatched"	"MS/MS"	"unmatched"	"MS/MS"	"MS/MS"	"MS/MS"	"MS/MS"	"MS/MS"	"MS/MS"	"MS/MS"	"MS/MS"	""	""	"N:3007.0579@FEDGVLDPDYPRN(1)ISDGFDGIPDNVDAALALPAHSYSGR;"	""	"N:3007.0579@FEDGVLDPDYPRN(1)ISDGFDGIPDNVDAALALPAHSYSGR;"	"N:3007.0579@FEDGVLDPDYPRN(1)ISDGFDGIPDNVDAALALPAHSYSGR;"	"N:3007.0579@FEDGVLDPDYPRN(1)ISDGFDGIPDNVDAALALPAHSYSGR;"	"N:3007.0579@FEDGVLDPDYPRN(1)ISDGFDGIPDNVDAALALPAHSYSGR;"	"N:3007.0579@FEDGVLDPDYPRN(1)ISDGFDGIPDNVDAALALPAHSYSGR;"	"N:3007.0579@FEDGVLDPDYPRN(1)ISDGFDGIPDNVDAALALPAHSYSGR;"	"N:3007.0579@FEDGVLDPDYPRN(1)ISDGFDGIPDNVDAALALPAHSYSGR;"	"N:3007.0579@FEDGVLDPDYPRN(1)ISDGFDGIPDNVDAALALPAHSYSGR;"
"FEDGVLDPDYPRNISDGFDGIPDNVDAALALPAHSYSGR"	"FEDGVLDPDYPRN[3153.1160]ISDGFDGIPDNVDAALALPAHSYSGR"	"R"	"E"	230	268	39	"5"	"13N(3153.1160)"	"sp|P04004|VTNC_HUMAN"	"P04004"	"VTNC_HUMAN"	"VTN"	"Vitronectin"	""	""	0	0	0	0	2	2	2	1	4	2	5	5	0	0	0	0	0	28935988	0	0	102945416	930322880	47386240	0	0	0	0	0	0	28935988	0	0	102945416	930322880	47386240	0	"unmatched"	"unmatched"	"unmatched"	"unmatched"	"MS/MS"	"MS/MS"	"MS/MS"	"MS/MS"	"MS/MS"	"MS/MS"	"MS/MS"	"MS/MS"	""	""	""	""	"N:3153.1160@FEDGVLDPDYPRN(1)ISDGFDGIPDNVDAALALPAHSYSGR;"	"N:3153.1160@FEDGVLDPDYPRN(1)ISDGFDGIPDNVDAALALPAHSYSGR;"	"N:3153.1160@FEDGVLDPDYPRN(1)ISDGFDGIPDNVDAALALPAHSYSGR;"	"N:3153.1160@FEDGVLDPDYPRN(1)ISDGFDGIPDNVDAALALPAHSYSGR;"	"N:3153.1160@FEDGVLDPDYPRN(1)ISDGFDGIPDNVDAALALPAHSYSGR;"	"N:3153.1160@FEDGVLDPDYPRN(1)ISDGFDGIPDNVDAALALPAHSYSGR;"	"N:3153.1160@FEDGVLDPDYPRN(1)ISDGFDGIPDNVDAALALPAHSYSGR;"	"N:3153.1160@FEDGVLDPDYPRN(1)ISDGFDGIPDNVDAALALPAHSYSGR;"
"FSDGLESNSSTQFEVK"	"FSDGLESN[1864.6342]SSTQFEVK"	"R"	"K"	219	234	16	"3,4"	"8N(1864.6342)"	"sp|P0C0L4|CO4A_HUMAN"	"P0C0L4"	"CO4A_HUMAN"	"C4A"	"Complement C4-A"	"C4B"	"sp|P0C0L5|CO4B_HUMAN, tr|A0A0G2JPR0|A0A0G2JPR0_HUMAN, tr|A0A140TA49|A0A140TA49_HUMAN, tr|F5GXS0|F5GXS0_HUMAN"	13	19	16	16	3	3	5	6	11	10	10	12	269201984	143819328	489507008	219042016	136795136	243399648	194952912	151496384	144010448	134339648	119065328	146943168	259700112	139368352	440057472	219042016	136795136	243399648	194952912	151496384	144010448	134339648	119065328	146943168	"MS/MS"	"MS/MS"	"MS/MS"	"MS/MS"	"MS/MS"	"MS/MS"	"MS/MS"	"MS/MS"	"MS/MS"	"MS/MS"	"MS/MS"	"MS/MS"	"N:1864.6342@FSDGLESN(1)SSTQFEVK;"	"N:1864.6342@FSDGLESN(1)SSTQFEVK;"	"N:1864.6342@FSDGLESN(1)SSTQFEVK;"	"N:1864.6342@FSDGLESN(1)SSTQFEVK;"	"N:1864.6342@FSDGLESN(1)SSTQFEVK;"	"N:1864.6342@FSDGLESN(1)SSTQFEVK;"	"N:1864.6342@FSDGLESN(1)SSTQFEVK;"	"N:1864.6342@FSDGLESN(1)SSTQFEVK;"	"N:1864.6342@FSDGLESN(1)SSTQFEVK;"	"N:1864.6342@FSDGLESN(1)SSTQFEVK;"	"N:1864.6342@FSDGLESN(1)SSTQFEVK;"	"N:1864.6342@FSDGLESN(1)SSTQFEVK;"
"GHVNITR"	"GHVN[1548.5448]ITR"	"R"	"S"	118	124	7	"2,3"	"4N(1548.5448)"	"sp|P00734|THRB_HUMAN"	"P00734"	"THRB_HUMAN"	"F2"	"Prothrombin"	""	"tr|C9JV37|C9JV37_HUMAN, tr|E9PIT3|E9PIT3_HUMAN"	2	3	3	3	0	0	0	0	16	15	13	14	5260339	6445849	13995242	11110225	0	14713880	0	0	724783740	704864510	741774980	749133570	5260339	5098795	11238010	8950862	0	14713880	0	0	457612448	510764736	500032192	532417984	"MS/MS"	"MS/MS"	"MS/MS"	"MS/MS"	"unmatched"	"MBR"	"unmatched"	"unmatched"	"MS/MS"	"MS/MS"	"MS/MS"	"MS/MS"	"N:1548.5448@GHVN(1)ITR;"	"N:1548.5448@GHVN(1)ITR;"	"N:1548.5448@GHVN(1)ITR;"	"N:1548.5448@GHVN(1)ITR;"	""	""	""	""	"N:1548.5448@GHVN(1)ITR;"	"N:1548.5448@GHVN(1)ITR;"	"N:1548.5448@GHVN(1)ITR;"	"N:1548.5448@GHVN(1)ITR;"
"GHVNITR"	"GHVN[1622.5815]ITR"	"R"	"S"	118	124	7	"2,3"	"4N(1622.5815)"	"sp|P00734|THRB_HUMAN"	"P00734"	"THRB_HUMAN"	"F2"	"Prothrombin"	""	"tr|C9JV37|C9JV37_HUMAN, tr|E9PIT3|E9PIT3_HUMAN"	0	0	0	0	0	0	0	0	13	10	16	16	37815928	16346855	11886341	9013821	0	0	0	0	444504864	420134912	1643101180	1652385150	37815928	16346855	11886341	9013821	0	0	0	0	447072256	398903712	1430059520	1426529540	"MBR"	"MBR"	"MBR"	"MBR"	"unmatched"	"unmatched"	"unmatched"	"unmatched"	"MS/MS"	"MS/MS"	"MS/MS"	"MS/MS"	""	""	""	""	""	""	""	""	"N:1622.5815@GHVN(1)ITR;"	"N:1622.5815@GHVN(1)ITR;"	"N:1622.5815@GHVN(1)ITR;"	"N:1622.5815@GHVN(1)ITR;"
"GHVNITR"	"GHVN[1913.6770]ITR"	"R"	"S"	118	124	7	"2,3,4"	"4N(1913.6770)"	"sp|P00734|THRB_HUMAN"	"P00734"	"THRB_HUMAN"	"F2"	"Prothrombin"	""	"tr|C9JV37|C9JV37_HUMAN, tr|E9PIT3|E9PIT3_HUMAN"	6	4	4	4	0	1	0	1	20	18	19	17	103098432	42128912	128266120	49774672	0	5268678.5	0	3971206.8	5246312400	5270862800	11683498000	11873538000	100606912	41157812	125152232	65424316	0	5268678.5	0	3971206.8	4849085400	4690721800	7916937200	9209393200	"MS/MS"	"MS/MS"	"MS/MS"	"MS/MS"	"unmatched"	"MS/MS"	"unmatched"	"MS/MS"	"MS/MS"	"MS/MS"	"MS/MS"	"MS/MS"	"N:1913.6770@GHVN(1)ITR;"	"N:1913.6770@GHVN(1)ITR;"	"N:1913.6770@GHVN(1)ITR;"	"N:1913.6770@GHVN(1)ITR;"	""	"N:1913.6770@GHVN(1)ITR;"	""	"N:1913.6770@GHVN(1)ITR;"	"N:1913.6770@GHVN(1)ITR;"	"N:1913.6770@GHVN(1)ITR;"	"N:1913.6770@GHVN(1)ITR;"	"N:1913.6770@GHVN(1)ITR;"
"GHVNITR"	"GHVN[2204.7725]ITR"	"R"	"S"	118	124	7	"2,3,4"	"4N(2204.7725)"	"sp|P00734|THRB_HUMAN"	"P00734"	"THRB_HUMAN"	"F2"	"Prothrombin"	""	"tr|C9JV37|C9JV37_HUMAN, tr|E9PIT3|E9PIT3_HUMAN"	2	2	2	4	1	1	1	1	27	31	29	27	275100000	125767480	59001236	307130688	27000716	39741004	25659068	44149704	6046005200	17581690900	5682321900	7676640800	272935552	124031736	129028064	254409408	59047068	86908432	56113060	96549688	993915200	10146986000	1212463620	1027004480	"MS/MS"	"MS/MS"	"MS/MS"	"MS/MS"	"MS/MS"	"MS/MS"	"MS/MS"	"MS/MS"	"MS/MS"	"MS/MS"	"MS/MS"	"MS/MS"	"N:2204.7725@GHVN(1)ITR;"	"N:2204.7725@GHVN(1)ITR;"	"N:2204.7725@GHVN(1)ITR;"	"N:2204.7725@GHVN(1)ITR;"	"N:2204.7725@GHVN(1)ITR;"	"N:2204.7725@GHVN(1)ITR;"	"N:2204.7725@GHVN(1)ITR;"	"N:2204.7725@GHVN(1)ITR;"	"N:2204.7725@GHVN(1)ITR;"	"N:2204.7725@GHVN(1)ITR;"	"N:2204.7725@GHVN(1)ITR;"	"N:2204.7725@GHVN(1)ITR;"
"GLTFQQNASSMCVPDQDTAIR"	"GLTFQQN[2262.8142]ASSM[15.9949]C[57.0215]VPDQDTAIR"	"R"	"V"	203	223	21	"3,4,5"	"7N(2262.8142),11M(15.9949),12C(57.0215)"	"sp|P01871|IGHM_HUMAN"	"P01871"	"IGHM_HUMAN"	"IGHM"	"Immunoglobulin heavy constant mu"	""	""	7	7	6	4	2	8	2	4	7	6	7	4	277548832	190338400	847844740	80959888	881213950	900666880	746485060	737048130	869589890	889495620	704186050	666831620	231524768	191871936	599246530	71946888	636038980	653431940	813591490	655765700	666307070	658716030	590618370	589234430	"MS/MS"	"MS/MS"	"MS/MS"	"MS/MS"	"MS/MS"	"MS/MS"	"MS/MS"	"MS/MS"	"MS/MS"	"MS/MS"	"MS/MS"	"MS/MS"	"C:57.0215@GLTFQQNASSMC(1)VPDQDTAIR;M:15.9949@GLTFQQNASSM(1)CVPDQDTAIR;N:2262.8142@GLTFQQN(1)ASSMCVPDQDTAIR;"	"C:57.0215@GLTFQQNASSMC(1)VPDQDTAIR;M:15.9949@GLTFQQNASSM(1)CVPDQDTAIR;N:2262.8142@GLTFQQN(1)ASSMCVPDQDTAIR;"	"C:57.0215@GLTFQQNASSMC(1)VPDQDTAIR;M:15.9949@GLTFQQNASSM(1)CVPDQDTAIR;N:2262.8142@GLTFQQN(1)ASSMCVPDQDTAIR;"	"C:57.0215@GLTFQQNASSMC(1)VPDQDTAIR;M:15.9949@GLTFQQNASSM(1)CVPDQDTAIR;N:2262.8142@GLTFQQN(1)ASSMCVPDQDTAIR;"	"C:57.0215@GLTFQQNASSMC(1)VPDQDTAIR;M:15.9949@GLTFQQNASSM(1)CVPDQDTAIR;N:2262.8142@GLTFQQN(1)ASSMCVPDQDTAIR;"	"C:57.0215@GLTFQQNASSMC(1)VPDQDTAIR;M:15.9949@GLTFQQNASSM(1)CVPDQDTAIR;N:2262.8142@GLTFQQN(1)ASSMCVPDQDTAIR;"	"C:57.0215@GLTFQQNASSMC(1)VPDQDTAIR;M:15.9949@GLTFQQNASSM(1)CVPDQDTAIR;N:2262.8142@GLTFQQN(1)ASSMCVPDQDTAIR;"	"C:57.0215@GLTFQQNASSMC(1)VPDQDTAIR;M:15.9949@GLTFQQNASSM(1)CVPDQDTAIR;N:2262.8142@GLTFQQN(1)ASSMCVPDQDTAIR;"	"C:57.0215@GLTFQQNASSMC(1)VPDQDTAIR;M:15.9949@GLTFQQNASSM(1)CVPDQDTAIR;N:2262.8142@GLTFQQN(1)ASSMCVPDQDTAIR;"	"C:57.0215@GLTFQQNASSMC(1)VPDQDTAIR;M:15.9949@GLTFQQNASSM(1)CVPDQDTAIR;N:2262.8142@GLTFQQN(1)ASSMCVPDQDTAIR;"	"C:57.0215@GLTFQQNASSMC(1)VPDQDTAIR;M:15.9949@GLTFQQNASSM(1)CVPDQDTAIR;N:2262.8142@GLTFQQN(1)ASSMCVPDQDTAIR;"	"C:57.0215@GLTFQQNASSMC(1)VPDQDTAIR;M:15.9949@GLTFQQNASSM(1)CVPDQDTAIR;N:2262.8142@GLTFQQN(1)ASSMCVPDQDTAIR;"
"GTAGNALMDGASQLMGENR"	"GTAGNALMDGASQLMGEN[1913.6770]R"	"R"	"T"	377	395	19	"3,4,5"	"18N(1913.6770)"	"sp|P02675|FIBB_HUMAN"	"P02675"	"FIBB_HUMAN"	"FGB"	"Fibrinogen beta chain"	""	"tr|D6REL8|D6REL8_HUMAN"	1	3	3	2	2	0	3	1	4	6	6	5	63874612	63030496	268103024	64148344	19408226	0	67318520	42753952	995396350	973612420	1445610750	1219674370	84057904	32877574	144399296	30961892	25540896	0	33160422	56263476	587753340	505511360	838880000	636242500	"MS/MS"	"MS/MS"	"MS/MS"	"MS/MS"	"MS/MS"	"unmatched"	"MS/MS"	"MS/MS"	"MS/MS"	"MS/MS"	"MS/MS"	"MS/MS"	"N:1913.6770@GTAGNALMDGASQLMGEN(1)R;"	"N:1913.6770@GTAGNALMDGASQLMGEN(1)R;"	"N:1913.6770@GTAGNALMDGASQLMGEN(1)R;"	"N:1913.6770@GTAGNALMDGASQLMGEN(1)R;"	"N:1913.6770@GTAGNALMDGASQLMGEN(1)R;"	""	"N:1913.6770@GTAGNALMDGASQLMGEN(1)R;"	"N:1913.6770@GTAGNALMDGASQLMGEN(1)R;"	"N:1913.6770@GTAGNALMDGASQLMGEN(1)R;"	"N:1913.6770@GTAGNALMDGASQLMGEN(1)R;"	"N:1913.6770@GTAGNALMDGASQLMGEN(1)R;"	"N:1913.6770@GTAGNALMDGASQLMGEN(1)R;"
"GTAGNALMDGASQLMGENR"	"GTAGNALMDGASQLM[15.9949]GEN[1913.6770]R"	"R"	"T"	377	395	19	"3,4,5"	"15M(15.9949),18N(1913.6770)"	"sp|P02675|FIBB_HUMAN"	"P02675"	"FIBB_HUMAN"	"FGB"	"Fibrinogen beta chain"	""	"tr|D6REL8|D6REL8_HUMAN"	2	2	2	2	3	0	3	3	5	5	5	6	135696560	63550092	418296256	96299144	167725024	0	148947040	199829968	1137608320	1193901060	1164179580	1745787140	72649376	34188984	222071632	51750684	90222264	0	80107448	107534336	594572100	617821180	629527420	941710020	"MS/MS"	"MS/MS"	"MS/MS"	"MS/MS"	"MS/MS"	"unmatched"	"MS/MS"	"MS/MS"	"MS/MS"	"MS/MS"	"MS/MS"	"MS/MS"	"N:1913.6770@GTAGNALMDGASQLMGEN(1)R;M:15.9949@GTAGNALMDGASQLM(1)GENR;"	"N:1913.6770@GTAGNALMDGASQLMGEN(1)R;M:15.9949@GTAGNALMDGASQLM(1)GENR;"	"N:1913.6770@GTAGNALMDGASQLMGEN(1)R;M:15.9949@GTAGNALMDGASQLM(1)GENR;"	"N:1913.6770@GTAGNALMDGASQLMGEN(1)R;M:15.9949@GTAGNALMDGASQLM(1)GENR;"	"N:1913.6770@GTAGNALMDGASQLMGEN(1)R;M:15.9949@GTAGNALMDGASQLM(1)GENR;"	""	"N:1913.6770@GTAGNALMDGASQLMGEN(1)R;M:15.9949@GTAGNALMDGASQLM(1)GENR;"	"N:1913.6770@GTAGNALMDGASQLMGEN(1)R;M:15.9949@GTAGNALMDGASQLM(1)GENR;"	"N:1913.6770@GTAGNALMDGASQLMGEN(1)R;M:15.9949@GTAGNALMDGASQLM(1)GENR;"	"N:1913.6770@GTAGNALMDGASQLMGEN(1)R;M:15.9949@GTAGNALMDGASQLM(1)GENR;"	"N:1913.6770@GTAGNALMDGASQLMGEN(1)R;M:15.9949@GTAGNALMDGASQLM(1)GENR;"	"N:1913.6770@GTAGNALMDGASQLMGEN(1)R;M:15.9949@GTAGNALMDGASQLM(1)GENR;"
"GTAGNALMDGASQLMGENR"	"GTAGNALM[15.9949]DGASQLM[15.9949]GEN[1913.6770]R"	"R"	"T"	377	395	19	"3,4,5"	"8M(15.9949),15M(15.9949),18N(1913.6770)"	"sp|P02675|FIBB_HUMAN"	"P02675"	"FIBB_HUMAN"	"FGB"	"Fibrinogen beta chain"	""	"tr|D6REL8|D6REL8_HUMAN"	3	2	3	3	2	2	2	2	11	6	16	15	208068560	156863952	496653984	404208640	174779840	199788864	133734496	192673408	1112517500	1131512450	896187780	1173490690	114994288	84678816	273910176	220249376	96600464	110426128	73573176	104767952	581237820	601704900	514610592	608384700	"MS/MS"	"MS/MS"	"MS/MS"	"MS/MS"	"MS/MS"	"MS/MS"	"MS/MS"	"MS/MS"	"MS/MS"	"MS/MS"	"MS/MS"	"MS/MS"	"N:1913.6770@GTAGNALMDGASQLMGEN(1)R;M:15.9949@GTAGNALM(1)DGASQLM(1)GENR;"	"N:1913.6770@GTAGNALMDGASQLMGEN(1)R;M:15.9949@GTAGNALM(1)DGASQLM(1)GENR;"	"N:1913.6770@GTAGNALMDGASQLMGEN(1)R;M:15.9949@GTAGNALM(1)DGASQLM(1)GENR;"	"N:1913.6770@GTAGNALMDGASQLMGEN(1)R;M:15.9949@GTAGNALM(1)DGASQLM(1)GENR;"	"N:1913.6770@GTAGNALMDGASQLMGEN(1)R;M:15.9949@GTAGNALM(1)DGASQLM(1)GENR;"	"N:1913.6770@GTAGNALMDGASQLMGEN(1)R;M:15.9949@GTAGNALM(1)DGASQLM(1)GENR;"	"N:1913.6770@GTAGNALMDGASQLMGEN(1)R;M:15.9949@GTAGNALM(1)DGASQLM(1)GENR;"	"N:1913.6770@GTAGNALMDGASQLMGEN(1)R;M:15.9949@GTAGNALM(1)DGASQLM(1)GENR;"	"N:1913.6770@GTAGNALMDGASQLMGEN(1)R;M:15.9949@GTAGNALM(1)DGASQLM(1)GENR;"	"N:1913.6770@GTAGNALMDGASQLMGEN(1)R;M:15.9949@GTAGNALM(1)DGASQLM(1)GENR;"	"N:1913.6770@GTAGNALMDGASQLMGEN(1)R;M:15.9949@GTAGNALM(1)DGASQLM(1)GENR;"	"N:1913.6770@GTAGNALMDGASQLMGEN(1)R;M:15.9949@GTAGNALM(1)DGASQLM(1)GENR;"
"HNSTGCLR"	"HN[1913.6770]STGC[57.0215]LR"	"R"	"M"	290	297	8	"2,3"	"2N(1913.6770),6C(57.0215)"	"sp|P10909|CLUS_HUMAN"	"P10909"	"CLUS_HUMAN"	"CLU"	"Clusterin"	""	"tr|E7ETB4|E7ETB4_HUMAN, tr|H0YC35|H0YC35_HUMAN"	1	1	1	0	3	1	1	1	3	7	4	5	41688076	43872876	76830040	35439948	497169152	538746940	347988448	228788464	545476740	570154300	915718140	871114690	41688076	43872876	84722352	35439948	510655328	538746940	347988448	228788464	555252480	505507392	865271870	763704510	"MS/MS"	"MS/MS"	"MS/MS"	"MBR"	"MS/MS"	"MS/MS"	"MS/MS"	"MS/MS"	"MS/MS"	"MS/MS"	"MS/MS"	"MS/MS"	"C:57.0215@HNSTGC(1)LR;N:1913.6770@HN(1)STGCLR;"	"C:57.0215@HNSTGC(1)LR;N:1913.6770@HN(1)STGCLR;"	"C:57.0215@HNSTGC(1)LR;N:1913.6770@HN(1)STGCLR;"	""	"C:57.0215@HNSTGC(1)LR;N:1913.6770@HN(1)STGCLR;"	"C:57.0215@HNSTGC(1)LR;N:1913.6770@HN(1)STGCLR;"	"C:57.0215@HNSTGC(1)LR;N:1913.6770@HN(1)STGCLR;"	"C:57.0215@HNSTGC(1)LR;N:1913.6770@HN(1)STGCLR;"	"C:57.0215@HNSTGC(1)LR;N:1913.6770@HN(1)STGCLR;"	"C:57.0215@HNSTGC(1)LR;N:1913.6770@HN(1)STGCLR;"	"C:57.0215@HNSTGC(1)LR;N:1913.6770@HN(1)STGCLR;"	"C:57.0215@HNSTGC(1)LR;N:1913.6770@HN(1)STGCLR;"
"HNSTGCLR"	"HN[2204.7725]STGC[57.0215]LR"	"R"	"M"	290	297	8	"2,3,4"	"2N(2204.7725),6C(57.0215)"	"sp|P10909|CLUS_HUMAN"	"P10909"	"CLUS_HUMAN"	"CLU"	"Clusterin"	""	"tr|E7ETB4|E7ETB4_HUMAN, tr|H0YC35|H0YC35_HUMAN"	0	1	2	2	1	3	1	4	9	8	5	8	201357824	66279040	465763776	218310624	317948480	3204713470	3200294400	3261758720	3789971710	3520849150	3008567550	3810371330	176319184	40016532	494645376	231847872	337664192	2464284160	3398741760	3390689540	2945303810	2802074370	3358448130	3098114050	"MBR"	"MS/MS"	"MS/MS"	"MS/MS"	"MS/MS"	"MS/MS"	"MS/MS"	"MS/MS"	"MS/MS"	"MS/MS"	"MS/MS"	"MS/MS"	""	"C:57.0215@HNSTGC(1)LR;N:2204.7725@HN(1)STGCLR;"	"C:57.0215@HNSTGC(1)LR;N:2204.7725@HN(1)STGCLR;"	"C:57.0215@HNSTGC(1)LR;N:2204.7725@HN(1)STGCLR;"	"C:57.0215@HNSTGC(1)LR;N:2204.7725@HN(1)STGCLR;"	"C:57.0215@HNSTGC(1)LR;N:2204.7725@HN(1)STGCLR;"	"C:57.0215@HNSTGC(1)LR;N:2204.7725@HN(1)STGCLR;"	"C:57.0215@HNSTGC(1)LR;N:2204.7725@HN(1)STGCLR;"	"C:57.0215@HNSTGC(1)LR;N:2204.7725@HN(1)STGCLR;"	"C:57.0215@HNSTGC(1)LR;N:2204.7725@HN(1)STGCLR;"	"C:57.0215@HNSTGC(1)LR;N:2204.7725@HN(1)STGCLR;"	"C:57.0215@HNSTGC(1)LR;N:2204.7725@HN(1)STGCLR;"
"IPCSQPPQIEHGTINSSR"	"IPC[57.0215]SQPPQIEHGTIN[2204.7725]SSR"	"K"	"S"	868	885	18	"3,4"	"3C(57.0215),15N(2204.7725)"	"sp|P08603|CFAH_HUMAN"	"P08603"	"CFAH_HUMAN"	"CFH"	"Complement factor H"	""	""	4	5	5	5	2	2	2	4	2	2	3	3	148720656	97103664	674323780	277115264	74018928	86717896	89077432	134196448	47764624	18365296	57901320	45572704	165129504	66739956	452901728	195745584	82185680	60361164	62991496	96879232	33403722	9786201	41074828	32407134	"MS/MS"	"MS/MS"	"MS/MS"	"MS/MS"	"MS/MS"	"MS/MS"	"MS/MS"	"MS/MS"	"MS/MS"	"MS/MS"	"MS/MS"	"MS/MS"	"C:57.0215@IPC(1)SQPPQIEHGTINSSR;N:2204.7725@IPCSQPPQIEHGTIN(1)SSR;"	"C:57.0215@IPC(1)SQPPQIEHGTINSSR;N:2204.7725@IPCSQPPQIEHGTIN(1)SSR;"	"C:57.0215@IPC(1)SQPPQIEHGTINSSR;N:2204.7725@IPCSQPPQIEHGTIN(1)SSR;"	"C:57.0215@IPC(1)SQPPQIEHGTINSSR;N:2204.7725@IPCSQPPQIEHGTIN(1)SSR;"	"C:57.0215@IPC(1)SQPPQIEHGTINSSR;N:2204.7725@IPCSQPPQIEHGTIN(1)SSR;"	"C:57.0215@IPC(1)SQPPQIEHGTINSSR;N:2204.7725@IPCSQPPQIEHGTIN(1)SSR;"	"C:57.0215@IPC(1)SQPPQIEHGTINSSR;N:2204.7725@IPCSQPPQIEHGTIN(1)SSR;"	"C:57.0215@IPC(1)SQPPQIEHGTINSSR;N:2204.7725@IPCSQPPQIEHGTIN(1)SSR;"	"C:57.0215@IPC(1)SQPPQIEHGTINSSR;N:2204.7725@IPCSQPPQIEHGTIN(1)SSR;"	"C:57.0215@IPC(1)SQPPQIEHGTINSSR;N:2204.7725@IPCSQPPQIEHGTIN(1)SSR;"	"C:57.0215@IPC(1)SQPPQIEHGTINSSR;N:2204.7725@IPCSQPPQIEHGTIN(1)SSR;"	"C:57.0215@IPC(1)SQPPQIEHGTINSSR;N:2204.7725@IPCSQPPQIEHGTIN(1)SSR;"
"KKEDALNETR"	"KKEDALN[2861.0000]ETR"	"K"	"E"	80	89	10	"3,4,5"	"7N(2861.0000)"	"sp|P10909|CLUS_HUMAN"	"P10909"	"CLUS_HUMAN"	"CLU"	"Clusterin"	""	"tr|E5RGB0|E5RGB0_HUMAN, tr|E5RH61|E5RH61_HUMAN, tr|E5RJZ5|E5RJZ5_HUMAN, tr|E7ERK6|E7ERK6_HUMAN, tr|E7ETB4|E7ETB4_HUMAN, tr|H0YLK8|H0YLK8_HUMAN"	0	0	0	1	2	2	2	4	3	2	2	3	61655848	37821660	230097408	80718240	976025980	1139621760	1148563460	955223620	173991104	169340880	236325632	205537696	61655848	34595588	230097408	77148864	605857340	729043650	709144580	691260610	117872376	129180136	217937216	190175584	"MBR"	"MBR"	"MBR"	"MS/MS"	"MS/MS"	"MS/MS"	"MS/MS"	"MS/MS"	"MS/MS"	"MS/MS"	"MS/MS"	"MS/MS"	""	""	""	"N:2861.0000@KKEDALN(1)ETR;"	"N:2861.0000@KKEDALN(1)ETR;"	"N:2861.0000@KKEDALN(1)ETR;"	"N:2861.0000@KKEDALN(1)ETR;"	"N:2861.0000@KKEDALN(1)ETR;"	"N:2861.0000@KKEDALN(1)ETR;"	"N:2861.0000@KKEDALN(1)ETR;"	"N:2861.0000@KKEDALN(1)ETR;"	"N:2861.0000@KKEDALN(1)ETR;"
"LANLTQGEDQYYLR"	"LAN[2204.7725]LTQGEDQYYLR"	"R"	"V"	372	385	14	"3,4"	"3N(2204.7725)"	"sp|P10909|CLUS_HUMAN"	"P10909"	"CLUS_HUMAN"	"CLU"	"Clusterin"	""	"tr|H0YAS8|H0YAS8_HUMAN, tr|H0YC35|H0YC35_HUMAN"	4	3	2	4	3	4	4	4	4	3	5	3	85527032	82771816	133149088	77476464	1197194880	1543607170	1465702270	1669126910	1447964800	1377583620	1198412420	1494561540	50646636	49037432	78452656	46088536	673052420	900976320	833951940	981621700	862344640	789357760	702217600	876821570	"MS/MS"	"MS/MS"	"MS/MS"	"MS/MS"	"MS/MS"	"MS/MS"	"MS/MS"	"MS/MS"	"MS/MS"	"MS/MS"	"MS/MS"	"MS/MS"	"N:2204.7725@LAN(1)LTQGEDQYYLR;"	"N:2204.7725@LAN(1)LTQGEDQYYLR;"	"N:2204.7725@LAN(1)LTQGEDQYYLR;"	"N:2204.7725@LAN(1)LTQGEDQYYLR;"	"N:2204.7725@LAN(1)LTQGEDQYYLR;"	"N:2204.7725@LAN(1)LTQGEDQYYLR;"	"N:2204.7725@LAN(1)LTQGEDQYYLR;"	"N:2204.7725@LAN(1)LTQGEDQYYLR;"	"N:2204.7725@LAN(1)LTQGEDQYYLR;"	"N:2204.7725@LAN(1)LTQGEDQYYLR;"	"N:2204.7725@LAN(1)LTQGEDQYYLR;"	"N:2204.7725@LAN(1)LTQGEDQYYLR;"
"LETTVNYTDSQRPICLPSK"	"LETTVN[2204.7725]YTDSQRPIC[57.0215]LPSK"	"K"	"G"	486	504	19	"3,4,5"	"6N(2204.7725),15C(57.0215)"	"sp|P03951|FA11_HUMAN"	"P03951"	"FA11_HUMAN"	"F11"	"Coagulation factor XI"	""	""	0	0	0	0	3	4	3	5	0	0	0	0	0	0	9100201	8863321	1467452540	1319914110	1622258820	1129304320	0	0	0	0	0	0	9100201	8863321	1070238910	974239620	1160221440	1263925500	0	0	0	0	"unmatched"	"unmatched"	"MBR"	"MBR"	"MS/MS"	"MS/MS"	"MS/MS"	"MS/MS"	"unmatched"	"unmatched"	"unmatched"	"unmatched"	""	""	""	""	"C:57.0215@LETTVNYTDSQRPIC(1)LPSK;N:2204.7725@LETTVN(1)YTDSQRPICLPSK;"	"C:57.0215@LETTVNYTDSQRPIC(1)LPSK;N:2204.7725@LETTVN(1)YTDSQRPICLPSK;"	"C:57.0215@LETTVNYTDSQRPIC(1)LPSK;N:2204.7725@LETTVN(1)YTDSQRPICLPSK;"	"C:57.0215@LETTVNYTDSQRPIC(1)LPSK;N:2204.7725@LETTVN(1)YTDSQRPICLPSK;"	""	""	""	""
"LQNNENNISCVER"	"LQNNENN[1913.6770]ISC[57.0215]VER"	"R"	"G"	120	132	13	"2,3,4"	"7N(1913.6770),10C(57.0215)"	"sp|Q03591|FHR1_HUMAN"	"Q03591"	"FHR1_HUMAN"	"CFHR1"	"Complement factor H-related protein 1"	"CFHR2"	"sp|P36980|FHR2_HUMAN, tr|A0A3B3IQ51|A0A3B3IQ51_HUMAN, tr|A0A3B3IRW0|A0A3B3IRW0_HUMAN, tr|A0A3B3IS00|A0A3B3IS00_HUMAN, tr|B1AKG0|B1AKG0_HUMAN, tr|V9GYE7|V9GYE7_HUMAN"	1	0	0	0	3	8	4	8	1	1	1	2	28252186	0	0	0	418222048	2908965890	221073824	1445815940	8370508.5	5712851	16564134	19519794	34372416	0	0	0	226220496	2291097340	140064896	1010212030	10183800	6950418	20152398	16090621	"MS/MS"	"unmatched"	"unmatched"	"unmatched"	"MS/MS"	"MS/MS"	"MS/MS"	"MS/MS"	"MS/MS"	"MS/MS"	"MS/MS"	"MS/MS"	"C:57.0215@LQNNENNISC(1)VER;N:1913.6770@LQNNENN(1)ISCVER;"	""	""	""	"C:57.0215@LQNNENNISC(1)VER;N:1913.6770@LQNNENN(1)ISCVER;"	"C:57.0215@LQNNENNISC(1)VER;N:1913.6770@LQNNENN(1)ISCVER;"	"C:57.0215@LQNNENNISC(1)VER;N:1913.6770@LQNNENN(1)ISCVER;"	"C:57.0215@LQNNENNISC(1)VER;N:1913.6770@LQNNENN(1)ISCVER;"	"C:57.0215@LQNNENNISC(1)VER;N:1913.6770@LQNNENN(1)ISCVER;"	"C:57.0215@LQNNENNISC(1)VER;N:1913.6770@LQNNENN(1)ISCVER;"	"C:57.0215@LQNNENNISC(1)VER;N:1913.6770@LQNNENN(1)ISCVER;"	"C:57.0215@LQNNENNISC(1)VER;N:1913.6770@LQNNENN(1)ISCVER;"
"LQNNENNISCVER"	"LQNNENN[2204.7725]ISC[57.0215]VER"	"R"	"G"	120	132	13	"3,4"	"7N(2204.7725),10C(57.0215)"	"sp|Q03591|FHR1_HUMAN"	"Q03591"	"FHR1_HUMAN"	"CFHR1"	"Complement factor H-related protein 1"	"CFHR2"	"sp|P36980|FHR2_HUMAN, tr|A0A3B3IQ51|A0A3B3IQ51_HUMAN, tr|A0A3B3IRW0|A0A3B3IRW0_HUMAN, tr|A0A3B3IS00|A0A3B3IS00_HUMAN, tr|B1AKG0|B1AKG0_HUMAN, tr|V9GYE7|V9GYE7_HUMAN"	0	2	2	0	9	8	9	8	3	2	2	0	57718336	29622146	25793034	47866736	20005255200	16995203100	18913445900	16368061400	41998596	40253440	43582948	0	38239268	19887120	48451204	30860164	12270865400	10389274600	11926785000	8001870800	25887866	24948822	28392226	0	"MBR"	"MS/MS"	"MS/MS"	"MBR"	"MS/MS"	"MS/MS"	"MS/MS"	"MS/MS"	"MS/MS"	"MS/MS"	"MS/MS"	"unmatched"	""	"C:57.0215@LQNNENNISC(1)VER;N:2204.7725@LQNNENN(1)ISCVER;"	"C:57.0215@LQNNENNISC(1)VER;N:2204.7725@LQNNENN(1)ISCVER;"	""	"C:57.0215@LQNNENNISC(1)VER;N:2204.7725@LQNNENN(1)ISCVER;"	"C:57.0215@LQNNENNISC(1)VER;N:2204.7725@LQNNENN(1)ISCVER;"	"C:57.0215@LQNNENNISC(1)VER;N:2204.7725@LQNNENN(1)ISCVER;"	"C:57.0215@LQNNENNISC(1)VER;N:2204.7725@LQNNENN(1)ISCVER;"	"C:57.0215@LQNNENNISC(1)VER;N:2204.7725@LQNNENN(1)ISCVER;"	"C:57.0215@LQNNENNISC(1)VER;N:2204.7725@LQNNENN(1)ISCVER;"	"C:57.0215@LQNNENNISC(1)VER;N:2204.7725@LQNNENN(1)ISCVER;"	""
"MVSHHNLTTGATLINEQWLLTTAK"	"MVSHHN[2204.7725]LTTGATLINEQWLLTTAK"	"K"	"N"	179	202	24	"3,4,5"	"6N(2204.7725)"	"sp|P00738|HPT_HUMAN"	"P00738"	"HPT_HUMAN"	"HP"	"Haptoglobin"	"HPR"	"sp|P00739|HPTR_HUMAN, tr|A0A0C4DGL8|A0A0C4DGL8_HUMAN, tr|H0Y300|H0Y300_HUMAN, tr|J3QR68|J3QR68_HUMAN"	8	9	13	8	0	0	3	0	2	2	2	1	64230324	65180772	571059390	212687360	0	0	30815296	0	29556412	40905088	38130432	34575852	53739836	53279156	448028256	172752400	0	0	30815296	0	29556412	40905088	38130432	34575852	"MS/MS"	"MS/MS"	"MS/MS"	"MS/MS"	"unmatched"	"unmatched"	"MS/MS"	"unmatched"	"MS/MS"	"MS/MS"	"MS/MS"	"MS/MS"	"N:2204.7725@MVSHHN(1)LTTGATLINEQWLLTTAK;"	"N:2204.7725@MVSHHN(1)LTTGATLINEQWLLTTAK;"	"N:2204.7725@MVSHHN(1)LTTGATLINEQWLLTTAK;"	"N:2204.7725@MVSHHN(1)LTTGATLINEQWLLTTAK;"	""	""	"N:2204.7725@MVSHHN(1)LTTGATLINEQWLLTTAK;"	""	"N:2204.7725@MVSHHN(1)LTTGATLINEQWLLTTAK;"	"N:2204.7725@MVSHHN(1)LTTGATLINEQWLLTTAK;"	"N:2204.7725@MVSHHN(1)LTTGATLINEQWLLTTAK;"	"N:2204.7725@MVSHHN(1)LTTGATLINEQWLLTTAK;"
"MVSHHNLTTGATLINEQWLLTTAK"	"M[15.9949]VSHHN[2204.7725]LTTGATLINEQWLLTTAK"	"K"	"N"	179	202	24	"4,5"	"1M(15.9949),6N(2204.7725)"	"sp|P00738|HPT_HUMAN"	"P00738"	"HPT_HUMAN"	"HP"	"Haptoglobin"	"HPR"	"sp|P00739|HPTR_HUMAN, tr|A0A0C4DGL8|A0A0C4DGL8_HUMAN, tr|H0Y300|H0Y300_HUMAN, tr|J3QR68|J3QR68_HUMAN"	10	5	21	17	1	0	1	0	2	1	1	2	81391008	44346456	891330880	148277440	0	0	0	0	21416066	20053758	20466872	21786220	62066128	34665448	639556670	115505760	0	0	0	0	21416066	20053758	20466872	21786220	"MS/MS"	"MS/MS"	"MS/MS"	"MS/MS"	"MS/MS"	"unmatched"	"MS/MS"	"unmatched"	"MS/MS"	"MS/MS"	"MS/MS"	"MS/MS"	"N:2204.7725@MVSHHN(1)LTTGATLINEQWLLTTAK;M:15.9949@M(1)VSHHNLTTGATLINEQWLLTTAK;"	"N:2204.7725@MVSHHN(1)LTTGATLINEQWLLTTAK;M:15.9949@M(1)VSHHNLTTGATLINEQWLLTTAK;"	"N:2204.7725@MVSHHN(1)LTTGATLINEQWLLTTAK;M:15.9949@M(1)VSHHNLTTGATLINEQWLLTTAK;"	"N:2204.7725@MVSHHN(1)LTTGATLINEQWLLTTAK;M:15.9949@M(1)VSHHNLTTGATLINEQWLLTTAK;"	"N:2204.7725@MVSHHN(1)LTTGATLINEQWLLTTAK;M:15.9949@M(1)VSHHNLTTGATLINEQWLLTTAK;"	""	"N:2204.7725@MVSHHN(1)LTTGATLINEQWLLTTAK;M:15.9949@M(1)VSHHNLTTGATLINEQWLLTTAK;"	""	"N:2204.7725@MVSHHN(1)LTTGATLINEQWLLTTAK;M:15.9949@M(1)VSHHNLTTGATLINEQWLLTTAK;"	"N:2204.7725@MVSHHN(1)LTTGATLINEQWLLTTAK;M:15.9949@M(1)VSHHNLTTGATLINEQWLLTTAK;"	"N:2204.7725@MVSHHN(1)LTTGATLINEQWLLTTAK;M:15.9949@M(1)VSHHNLTTGATLINEQWLLTTAK;"	"N:2204.7725@MVSHHN(1)LTTGATLINEQWLLTTAK;M:15.9949@M(1)VSHHNLTTGATLINEQWLLTTAK;"
"NLFLNHSENATAK"	"NLFLNHSEN[3827.3540]ATAK"	"K"	"D"	203	215	13	"4"	"9N(3827.3540)"	"sp|P00738|HPT_HUMAN"	"P00738"	"HPT_HUMAN"	"HP"	"Haptoglobin"	"HPR"	"sp|P00739|HPTR_HUMAN, tr|A0A0C4DGL8|A0A0C4DGL8_HUMAN, tr|H0Y300|H0Y300_HUMAN, tr|H3BS21|H3BS21_HUMAN, tr|J3QLC9|J3QLC9_HUMAN, tr|J3QR68|J3QR68_HUMAN"	0	0	2	1	0	0	0	0	0	1	0	1	0	0	942886780	397850688	0	64061872	0	0	0	41291808	0	42853292	0	0	942886780	397850688	0	64061872	0	0	0	41291808	0	42853292	"unmatched"	"unmatched"	"MS/MS"	"MS/MS"	"unmatched"	"MBR"	"unmatched"	"unmatched"	"unmatched"	"MS/MS"	"unmatched"	"MS/MS"	""	""	"N:3827.3540@NLFLNHSEN(1)ATAK;"	"N:3827.3540@NLFLNHSEN(1)ATAK;"	""	""	""	""	""	"N:3827.3540@NLFLNHSEN(1)ATAK;"	""	"N:3827.3540@NLFLNHSEN(1)ATAK;"
"NLFLNHSENATAK"	"NLFLNHSEN[4118.4492]ATAK"	"K"	"D"	203	215	13	"4,5"	"9N(4118.4492)"	"sp|P00738|HPT_HUMAN"	"P00738"	"HPT_HUMAN"	"HP"	"Haptoglobin"	"HPR"	"sp|P00739|HPTR_HUMAN, tr|A0A0C4DGL8|A0A0C4DGL8_HUMAN, tr|H0Y300|H0Y300_HUMAN, tr|H3BS21|H3BS21_HUMAN, tr|J3QLC9|J3QLC9_HUMAN, tr|J3QR68|J3QR68_HUMAN"	1	2	2	2	1	0	0	0	1	0	0	1	356840064	179958016	1985028350	911822980	94863856	160532672	74526048	0	65154708	0	0	46876624	356840064	118432880	1985028350	911822980	94863856	117103656	74526048	0	65154708	0	0	46876624	"MS/MS"	"MS/MS"	"MS/MS"	"MS/MS"	"MS/MS"	"MBR"	"MBR"	"unmatched"	"MS/MS"	"unmatched"	"unmatched"	"MS/MS"	"N:4118.4492@NLFLNHSEN(1)ATAK;"	"N:4118.4492@NLFLNHSEN(1)ATAK;"	"N:4118.4492@NLFLNHSEN(1)ATAK;"	"N:4118.4492@NLFLNHSEN(1)ATAK;"	"N:4118.4492@NLFLNHSEN(1)ATAK;"	""	""	""	"N:4118.4492@NLFLNHSEN(1)ATAK;"	""	""	"N:4118.4492@NLFLNHSEN(1)ATAK;"
"NLFLNHSENATAK"	"NLFLNHSEN[4409.5449]ATAK"	"K"	"D"	203	215	13	"4"	"9N(4409.5449)"	"sp|P00738|HPT_HUMAN"	"P00738"	"HPT_HUMAN"	"HP"	"Haptoglobin"	"HPR"	"sp|P00739|HPTR_HUMAN, tr|A0A0C4DGL8|A0A0C4DGL8_HUMAN, tr|H0Y300|H0Y300_HUMAN, tr|H3BS21|H3BS21_HUMAN, tr|J3QLC9|J3QLC9_HUMAN, tr|J3QR68|J3QR68_HUMAN"	3	2	2	0	0	0	0	0	0	0	0	0	236396752	115738528	717179580	0	0	0	0	0	0	0	0	0	236396752	115738528	717179580	0	0	0	0	0	0	0	0	0	"MS/MS"	"MS/MS"	"MS/MS"	"unmatched"	"unmatched"	"unmatched"	"unmatched"	"unmatched"	"unmatched"	"unmatched"	"unmatched"	"unmatched"	"N:4409.5449@NLFLNHSEN(1)ATAK;"	"N:4409.5449@NLFLNHSEN(1)ATAK;"	"N:4409.5449@NLFLNHSEN(1)ATAK;"	""	""	""	""	""	""	""	""	""
"NLFLNHSENATAK"	"NLFLNHSEN[4483.5815]ATAK"	"K"	"D"	203	215	13	"4"	"9N(4483.5815)"	"sp|P00738|HPT_HUMAN"	"P00738"	"HPT_HUMAN"	"HP"	"Haptoglobin"	"HPR"	"sp|P00739|HPTR_HUMAN, tr|A0A0C4DGL8|A0A0C4DGL8_HUMAN, tr|H0Y300|H0Y300_HUMAN, tr|H3BS21|H3BS21_HUMAN, tr|J3QLC9|J3QLC9_HUMAN, tr|J3QR68|J3QR68_HUMAN"	1	2	1	0	0	0	0	0	0	0	0	0	389470496	206687904	501656224	239171856	0	0	0	0	0	0	16711694	0	389470496	206687904	501656224	239171856	0	0	0	0	0	0	16711694	0	"MS/MS"	"MS/MS"	"MS/MS"	"MBR"	"unmatched"	"unmatched"	"unmatched"	"unmatched"	"unmatched"	"unmatched"	"MBR"	"unmatched"	"N:4483.5815@NLFLNHSEN(1)ATAK;"	"N:4483.5815@NLFLNHSEN(1)ATAK;"	"N:4483.5815@NLFLNHSEN(1)ATAK;"	""	""	""	""	""	""	""	""	""
"NNATVHEQVGGPSLTSDLQAQSK"	"NN[1913.6770]ATVHEQVGGPSLTSDLQAQSK"	"K"	"G"	85	107	23	"3,4,5"	"2N(1913.6770)"	"sp|P04004|VTNC_HUMAN"	"P04004"	"VTNC_HUMAN"	"VTN"	"Vitronectin"	""	"tr|F5GX75|F5GX75_HUMAN"	1	3	1	2	18	30	24	24	96	73	112	111	59654960	72388272	51526884	57057248	2250021890	828617980	3616203010	445171264	5178101800	5091216400	8160804900	4169911040	73195920	49851156	63222872	40321492	1473898500	645658690	1895844610	362003168	3022061820	2879217410	4940553200	2704559360	"MS/MS"	"MS/MS"	"MS/MS"	"MS/MS"	"MS/MS"	"MS/MS"	"MS/MS"	"MS/MS"	"MS/MS"	"MS/MS"	"MS/MS"	"MS/MS"	"N:1913.6770@NN(1)ATVHEQVGGPSLTSDLQAQSK;"	"N:1913.6770@NN(1)ATVHEQVGGPSLTSDLQAQSK;"	"N:1913.6770@NN(1)ATVHEQVGGPSLTSDLQAQSK;"	"N:1913.6770@NN(1)ATVHEQVGGPSLTSDLQAQSK;"	"N:1913.6770@NN(1)ATVHEQVGGPSLTSDLQAQSK;"	"N:1913.6770@NN(1)ATVHEQVGGPSLTSDLQAQSK;"	"N:1913.6770@NN(1)ATVHEQVGGPSLTSDLQAQSK;"	"N:1913.6770@NN(1)ATVHEQVGGPSLTSDLQAQSK;"	"N:1913.6770@NN(1)ATVHEQVGGPSLTSDLQAQSK;"	"N:1913.6770@NN(1)ATVHEQVGGPSLTSDLQAQSK;"	"N:1913.6770@NN(1)ATVHEQVGGPSLTSDLQAQSK;"	"N:1913.6770@NN(1)ATVHEQVGGPSLTSDLQAQSK;"
"NNATVHEQVGGPSLTSDLQAQSK"	"NN[2059.7349]ATVHEQVGGPSLTSDLQAQSK"	"K"	"G"	85	107	23	"3,4,5"	"2N(2059.7349)"	"sp|P04004|VTNC_HUMAN"	"P04004"	"VTNC_HUMAN"	"VTN"	"Vitronectin"	""	"tr|F5GX75|F5GX75_HUMAN"	0	1	1	1	3	4	3	6	18	20	17	20	0	8542090	8892136	6931507.5	1269121790	332932832	704579070	591704060	376430944	210199648	356637632	1516528900	0	9604326	9997901	7793462	929641340	202862848	495611296	438114752	218010048	150599168	268855616	1145393150	"unmatched"	"MS/MS"	"MS/MS"	"MS/MS"	"MS/MS"	"MS/MS"	"MS/MS"	"MS/MS"	"MS/MS"	"MS/MS"	"MS/MS"	"MS/MS"	""	"N:2059.7349@NN(1)ATVHEQVGGPSLTSDLQAQSK;"	"N:2059.7349@NN(1)ATVHEQVGGPSLTSDLQAQSK;"	"N:2059.7349@NN(1)ATVHEQVGGPSLTSDLQAQSK;"	"N:2059.7349@NN(1)ATVHEQVGGPSLTSDLQAQSK;"	"N:2059.7349@NN(1)ATVHEQVGGPSLTSDLQAQSK;"	"N:2059.7349@NN(1)ATVHEQVGGPSLTSDLQAQSK;"	"N:2059.7349@NN(1)ATVHEQVGGPSLTSDLQAQSK;"	"N:2059.7349@NN(1)ATVHEQVGGPSLTSDLQAQSK;"	"N:2059.7349@NN(1)ATVHEQVGGPSLTSDLQAQSK;"	"N:2059.7349@NN(1)ATVHEQVGGPSLTSDLQAQSK;"	"N:2059.7349@NN(1)ATVHEQVGGPSLTSDLQAQSK;"
"NNATVHEQVGGPSLTSDLQAQSK"	"NN[2204.7725]ATVHEQVGGPSLTSDLQAQSK"	"K"	"G"	85	107	23	"3,4,5"	"2N(2204.7725)"	"sp|P04004|VTNC_HUMAN"	"P04004"	"VTNC_HUMAN"	"VTN"	"Vitronectin"	""	"tr|F5GX75|F5GX75_HUMAN"	3	7	6	5	40	67	53	107	152	150	147	154	113508144	70229496	305695872	101051688	28041838600	22960525300	30960855000	28225237000	22595280900	21515370500	18361235500	19002005500	117194536	75375760	238520400	106474192	18357592100	15433264100	21036324900	19988226000	16084565000	17074844700	13287929900	13604863000	"MS/MS"	"MS/MS"	"MS/MS"	"MS/MS"	"MS/MS"	"MS/MS"	"MS/MS"	"MS/MS"	"MS/MS"	"MS/MS"	"MS/MS"	"MS/MS"	"N:2204.7725@NN(1)ATVHEQVGGPSLTSDLQAQSK;"	"N:2204.7725@NN(1)ATVHEQVGGPSLTSDLQAQSK;"	"N:2204.7725@NN(1)ATVHEQVGGPSLTSDLQAQSK;"	"N:2204.7725@NN(1)ATVHEQVGGPSLTSDLQAQSK;"	"N:2204.7725@NN(1)ATVHEQVGGPSLTSDLQAQSK;"	"N:2204.7725@NN(1)ATVHEQVGGPSLTSDLQAQSK;"	"N:2204.7725@NN(1)ATVHEQVGGPSLTSDLQAQSK;"	"N:2204.7725@NN(1)ATVHEQVGGPSLTSDLQAQSK;"	"N:2204.7725@NN(1)ATVHEQVGGPSLTSDLQAQSK;"	"N:2204.7725@NN(1)ATVHEQVGGPSLTSDLQAQSK;"	"N:2204.7725@NN(1)ATVHEQVGGPSLTSDLQAQSK;"	"N:2204.7725@NN(1)ATVHEQVGGPSLTSDLQAQSK;"
"NNATVHEQVGGPSLTSDLQAQSK"	"NN[2350.8303]ATVHEQVGGPSLTSDLQAQSK"	"K"	"G"	85	107	23	"3,4,5"	"2N(2350.8303)"	"sp|P04004|VTNC_HUMAN"	"P04004"	"VTNC_HUMAN"	"VTN"	"Vitronectin"	""	"tr|F5GX75|F5GX75_HUMAN"	1	2	1	2	15	21	19	23	64	43	44	35	35212800	18128302	43219844	41479532	4667422700	4735172600	5419943900	5425461200	2554912260	3932903420	2811071230	3312067580	35212800	18128302	43219844	41479532	3626592000	3669841150	4339212800	4321983000	2351199740	3063894780	2413503740	2652610300	"MS/MS"	"MS/MS"	"MS/MS"	"MS/MS"	"MS/MS"	"MS/MS"	"MS/MS"	"MS/MS"	"MS/MS"	"MS/MS"	"MS/MS"	"MS/MS"	"N:2350.8303@NN(1)ATVHEQVGGPSLTSDLQAQSK;"	"N:2350.8303@NN(1)ATVHEQVGGPSLTSDLQAQSK;"	"N:2350.8303@NN(1)ATVHEQVGGPSLTSDLQAQSK;"	"N:2350.8303@NN(1)ATVHEQVGGPSLTSDLQAQSK;"	"N:2350.8303@NN(1)ATVHEQVGGPSLTSDLQAQSK;"	"N:2350.8303@NN(1)ATVHEQVGGPSLTSDLQAQSK;"	"N:2350.8303@NN(1)ATVHEQVGGPSLTSDLQAQSK;"	"N:2350.8303@NN(1)ATVHEQVGGPSLTSDLQAQSK;"	"N:2350.8303@NN(1)ATVHEQVGGPSLTSDLQAQSK;"	"N:2350.8303@NN(1)ATVHEQVGGPSLTSDLQAQSK;"	"N:2350.8303@NN(1)ATVHEQVGGPSLTSDLQAQSK;"	"N:2350.8303@NN(1)ATVHEQVGGPSLTSDLQAQSK;"
"NNATVHEQVGGPSLTSDLQAQSK"	"NN[2569.9045]ATVHEQVGGPSLTSDLQAQSK"	"K"	"G"	85	107	23	"3,4,5"	"2N(2569.9045)"	"sp|P04004|VTNC_HUMAN"	"P04004"	"VTNC_HUMAN"	"VTN"	"Vitronectin"	""	"tr|F5GX75|F5GX75_HUMAN"	2	2	1	1	14	17	9	17	51	34	38	36	35119936	19263154	34264480	35816768	995565760	1072735620	681381700	1636442620	843027840	1128776960	2016606720	2168527100	35119936	19263154	34264480	35816768	739542210	953443840	540746560	850014020	693650300	791880900	1071019460	1157752700	"MS/MS"	"MS/MS"	"MS/MS"	"MS/MS"	"MS/MS"	"MS/MS"	"MS/MS"	"MS/MS"	"MS/MS"	"MS/MS"	"MS/MS"	"MS/MS"	"N:2569.9045@NN(1)ATVHEQVGGPSLTSDLQAQSK;"	"N:2569.9045@NN(1)ATVHEQVGGPSLTSDLQAQSK;"	"N:2569.9045@NN(1)ATVHEQVGGPSLTSDLQAQSK;"	"N:2569.9045@NN(1)ATVHEQVGGPSLTSDLQAQSK;"	"N:2569.9045@NN(1)ATVHEQVGGPSLTSDLQAQSK;"	"N:2569.9045@NN(1)ATVHEQVGGPSLTSDLQAQSK;"	"N:2569.9045@NN(1)ATVHEQVGGPSLTSDLQAQSK;"	"N:2569.9045@NN(1)ATVHEQVGGPSLTSDLQAQSK;"	"N:2569.9045@NN(1)ATVHEQVGGPSLTSDLQAQSK;"	"N:2569.9045@NN(1)ATVHEQVGGPSLTSDLQAQSK;"	"N:2569.9045@NN(1)ATVHEQVGGPSLTSDLQAQSK;"	"N:2569.9045@NN(1)ATVHEQVGGPSLTSDLQAQSK;"
"NNATVHEQVGGPSLTSDLQAQSK"	"NN[2715.9624]ATVHEQVGGPSLTSDLQAQSK"	"K"	"G"	85	107	23	"3,4,5"	"2N(2715.9624)"	"sp|P04004|VTNC_HUMAN"	"P04004"	"VTNC_HUMAN"	"VTN"	"Vitronectin"	""	"tr|F5GX75|F5GX75_HUMAN"	1	0	0	1	6	10	11	10	16	15	16	13	27009282	0	0	17967486	1823072640	1663504380	834399810	867834180	1026616700	493219392	574727740	372162240	27009282	0	0	17967486	886978110	1004632060	468980960	661076350	709724030	558473660	596646210	434866400	"MS/MS"	"unmatched"	"unmatched"	"MS/MS"	"MS/MS"	"MS/MS"	"MS/MS"	"MS/MS"	"MS/MS"	"MS/MS"	"MS/MS"	"MS/MS"	"N:2715.9624@NN(1)ATVHEQVGGPSLTSDLQAQSK;"	""	""	"N:2715.9624@NN(1)ATVHEQVGGPSLTSDLQAQSK;"	"N:2715.9624@NN(1)ATVHEQVGGPSLTSDLQAQSK;"	"N:2715.9624@NN(1)ATVHEQVGGPSLTSDLQAQSK;"	"N:2715.9624@NN(1)ATVHEQVGGPSLTSDLQAQSK;"	"N:2715.9624@NN(1)ATVHEQVGGPSLTSDLQAQSK;"	"N:2715.9624@NN(1)ATVHEQVGGPSLTSDLQAQSK;"	"N:2715.9624@NN(1)ATVHEQVGGPSLTSDLQAQSK;"	"N:2715.9624@NN(1)ATVHEQVGGPSLTSDLQAQSK;"	"N:2715.9624@NN(1)ATVHEQVGGPSLTSDLQAQSK;"
"NNATVHEQVGGPSLTSDLQAQSK"	"NN[2861.0000]ATVHEQVGGPSLTSDLQAQSK"	"K"	"G"	85	107	23	"3,4,5"	"2N(2861.0000)"	"sp|P04004|VTNC_HUMAN"	"P04004"	"VTNC_HUMAN"	"VTN"	"Vitronectin"	""	"tr|F5GX75|F5GX75_HUMAN"	1	2	2	4	27	40	37	48	91	71	63	64	38675544	19177794	59772564	31370884	2716209660	6222402600	3755850500	6973507600	3090539520	3711159300	1827731970	2127626240	38675544	19177794	54446948	31370884	2067379840	4555161100	2892673790	5468472300	2587050750	3094149120	1282006140	1714474110	"MS/MS"	"MS/MS"	"MS/MS"	"MS/MS"	"MS/MS"	"MS/MS"	"MS/MS"	"MS/MS"	"MS/MS"	"MS/MS"	"MS/MS"	"MS/MS"	"N:2861.0000@NN(1)ATVHEQVGGPSLTSDLQAQSK;"	"N:2861.0000@NN(1)ATVHEQVGGPSLTSDLQAQSK;"	"N:2861.0000@NN(1)ATVHEQVGGPSLTSDLQAQSK;"	"N:2861.0000@NN(1)ATVHEQVGGPSLTSDLQAQSK;"	"N:2861.0000@NN(1)ATVHEQVGGPSLTSDLQAQSK;"	"N:2861.0000@NN(1)ATVHEQVGGPSLTSDLQAQSK;"	"N:2861.0000@NN(1)ATVHEQVGGPSLTSDLQAQSK;"	"N:2861.0000@NN(1)ATVHEQVGGPSLTSDLQAQSK;"	"N:2861.0000@NN(1)ATVHEQVGGPSLTSDLQAQSK;"	"N:2861.0000@NN(1)ATVHEQVGGPSLTSDLQAQSK;"	"N:2861.0000@NN(1)ATVHEQVGGPSLTSDLQAQSK;"	"N:2861.0000@NN(1)ATVHEQVGGPSLTSDLQAQSK;"
"NNATVHEQVGGPSLTSDLQAQSK"	"NN[3007.0579]ATVHEQVGGPSLTSDLQAQSK"	"K"	"G"	85	107	23	"3,4,5"	"2N(3007.0579)"	"sp|P04004|VTNC_HUMAN"	"P04004"	"VTNC_HUMAN"	"VTN"	"Vitronectin"	""	"tr|F5GX75|F5GX75_HUMAN"	1	2	2	0	17	22	19	21	52	37	26	27	32767170	21212664	31990954	33870044	4160030720	1537116160	2961250560	4144826880	2490838270	2339991810	989910400	1505969150	32872156	21280630	32093454	33978564	2823350020	1584889600	2085591040	2867897090	1748468480	1674829310	694301500	1039078980	"MS/MS"	"MS/MS"	"MS/MS"	"MBR"	"MS/MS"	"MS/MS"	"MS/MS"	"MS/MS"	"MS/MS"	"MS/MS"	"MS/MS"	"MS/MS"	"N:3007.0579@NN(1)ATVHEQVGGPSLTSDLQAQSK;"	"N:3007.0579@NN(1)ATVHEQVGGPSLTSDLQAQSK;"	"N:3007.0579@NN(1)ATVHEQVGGPSLTSDLQAQSK;"	""	"N:3007.0579@NN(1)ATVHEQVGGPSLTSDLQAQSK;"	"N:3007.0579@NN(1)ATVHEQVGGPSLTSDLQAQSK;"	"N:3007.0579@NN(1)ATVHEQVGGPSLTSDLQAQSK;"	"N:3007.0579@NN(1)ATVHEQVGGPSLTSDLQAQSK;"	"N:3007.0579@NN(1)ATVHEQVGGPSLTSDLQAQSK;"	"N:3007.0579@NN(1)ATVHEQVGGPSLTSDLQAQSK;"	"N:3007.0579@NN(1)ATVHEQVGGPSLTSDLQAQSK;"	"N:3007.0579@NN(1)ATVHEQVGGPSLTSDLQAQSK;"
"NSVLNSSTAEHSSPYSEDPIEDPLQPDVTGIR"	"NSVLN[1913.6770]SSTAEHSSPYSEDPIEDPLQPDVTGIR"	"K"	"L"	817	848	32	"3,4,5"	"5N(1913.6770)"	"sp|P12259|FA5_HUMAN"	"P12259"	"FA5_HUMAN"	"F5"	"Coagulation factor V"	""	"tr|A0A0A0MRJ7|A0A0A0MRJ7_HUMAN"	0	0	0	0	10	8	9	12	0	1	0	2	0	0	0	0	1313002750	1188764030	904097790	1090834180	0	0	19508176	24643792	0	0	0	0	945087550	1091085820	737124160	1026552900	0	0	19508176	24643792	"unmatched"	"unmatched"	"unmatched"	"unmatched"	"MS/MS"	"MS/MS"	"MS/MS"	"MS/MS"	"unmatched"	"MS/MS"	"MBR"	"MS/MS"	""	""	""	""	"N:1913.6770@NSVLN(1)SSTAEHSSPYSEDPIEDPLQPDVTGIR;"	"N:1913.6770@NSVLN(1)SSTAEHSSPYSEDPIEDPLQPDVTGIR;"	"N:1913.6770@NSVLN(1)SSTAEHSSPYSEDPIEDPLQPDVTGIR;"	"N:1913.6770@NSVLN(1)SSTAEHSSPYSEDPIEDPLQPDVTGIR;"	""	"N:1913.6770@NSVLN(1)SSTAEHSSPYSEDPIEDPLQPDVTGIR;"	""	"N:1913.6770@NSVLN(1)SSTAEHSSPYSEDPIEDPLQPDVTGIR;"
"NSVLNSSTAEHSSPYSEDPIEDPLQPDVTGIR"	"NSVLN[2204.7725]SSTAEHSSPYSEDPIEDPLQPDVTGIR"	"K"	"L"	817	848	32	"4,5"	"5N(2204.7725)"	"sp|P12259|FA5_HUMAN"	"P12259"	"FA5_HUMAN"	"F5"	"Coagulation factor V"	""	"tr|A0A0A0MRJ7|A0A0A0MRJ7_HUMAN"	0	0	0	0	11	13	11	19	4	5	6	2	0	0	0	0	7320968200	5623083000	7951997400	2160453630	66153108	66652304	65343624	77605680	0	0	0	0	5715722200	4389243900	6509630000	1454150780	52874224	49733600	53959692	61540532	"unmatched"	"unmatched"	"unmatched"	"unmatched"	"MS/MS"	"MS/MS"	"MS/MS"	"MS/MS"	"MS/MS"	"MS/MS"	"MS/MS"	"MS/MS"	""	""	""	""	"N:2204.7725@NSVLN(1)SSTAEHSSPYSEDPIEDPLQPDVTGIR;"	"N:2204.7725@NSVLN(1)SSTAEHSSPYSEDPIEDPLQPDVTGIR;"	"N:2204.7725@NSVLN(1)SSTAEHSSPYSEDPIEDPLQPDVTGIR;"	"N:2204.7725@NSVLN(1)SSTAEHSSPYSEDPIEDPLQPDVTGIR;"	"N:2204.7725@NSVLN(1)SSTAEHSSPYSEDPIEDPLQPDVTGIR;"	"N:2204.7725@NSVLN(1)SSTAEHSSPYSEDPIEDPLQPDVTGIR;"	"N:2204.7725@NSVLN(1)SSTAEHSSPYSEDPIEDPLQPDVTGIR;"	"N:2204.7725@NSVLN(1)SSTAEHSSPYSEDPIEDPLQPDVTGIR;"
"NSVLNSSTAEHSSPYSEDPIEDPLQPDVTGIR"	"NSVLN[2569.9045]SSTAEHSSPYSEDPIEDPLQPDVTGIR"	"K"	"L"	817	848	32	"4,5"	"5N(2569.9045)"	"sp|P12259|FA5_HUMAN"	"P12259"	"FA5_HUMAN"	"F5"	"Coagulation factor V"	""	"tr|A0A0A0MRJ7|A0A0A0MRJ7_HUMAN"	0	0	0	0	8	6	4	9	1	0	0	0	0	0	0	0	1403167230	1206194300	757860930	728838340	0	0	0	0	0	0	0	0	967573310	858213440	513869088	504427296	0	0	0	0	"unmatched"	"unmatched"	"unmatched"	"unmatched"	"MS/MS"	"MS/MS"	"MS/MS"	"MS/MS"	"MS/MS"	"unmatched"	"unmatched"	"unmatched"	""	""	""	""	"N:2569.9045@NSVLN(1)SSTAEHSSPYSEDPIEDPLQPDVTGIR;"	"N:2569.9045@NSVLN(1)SSTAEHSSPYSEDPIEDPLQPDVTGIR;"	"N:2569.9045@NSVLN(1)SSTAEHSSPYSEDPIEDPLQPDVTGIR;"	"N:2569.9045@NSVLN(1)SSTAEHSSPYSEDPIEDPLQPDVTGIR;"	"N:2569.9045@NSVLN(1)SSTAEHSSPYSEDPIEDPLQPDVTGIR;"	""	""	""
"NSVLNSSTAEHSSPYSEDPIEDPLQPDVTGIR"	"NSVLN[2861.0000]SSTAEHSSPYSEDPIEDPLQPDVTGIR"	"K"	"L"	817	848	32	"4,5"	"5N(2861.0000)"	"sp|P12259|FA5_HUMAN"	"P12259"	"FA5_HUMAN"	"F5"	"Coagulation factor V"	""	"tr|A0A0A0MRJ7|A0A0A0MRJ7_HUMAN"	0	0	0	0	15	11	9	18	5	0	0	0	0	0	0	0	2743703550	1087355900	2765968640	1124840960	11480352	0	0	0	0	0	0	0	2390386180	394007936	2410915840	466191456	28975004	0	0	0	"unmatched"	"unmatched"	"unmatched"	"unmatched"	"MS/MS"	"MS/MS"	"MS/MS"	"MS/MS"	"MS/MS"	"unmatched"	"unmatched"	"unmatched"	""	""	""	""	"N:2861.0000@NSVLN(1)SSTAEHSSPYSEDPIEDPLQPDVTGIR;"	"N:2861.0000@NSVLN(1)SSTAEHSSPYSEDPIEDPLQPDVTGIR;"	"N:2861.0000@NSVLN(1)SSTAEHSSPYSEDPIEDPLQPDVTGIR;"	"N:2861.0000@NSVLN(1)SSTAEHSSPYSEDPIEDPLQPDVTGIR;"	"N:2861.0000@NSVLN(1)SSTAEHSSPYSEDPIEDPLQPDVTGIR;"	""	""	""
"NISDGFDGIPDNVDAALALPAHSYSGR"	"N[1548.5448]ISDGFDGIPDNVDAALALPAHSYSGR"	"R"	"E"	242	268	27	"3,4,5"	"1N(1548.5448)"	"sp|P04004|VTNC_HUMAN"	"P04004"	"VTNC_HUMAN"	"VTN"	"Vitronectin"	""	""	0	0	0	0	13	12	10	14	19	13	9	12	0	0	0	0	394889504	269175200	335702208	338213344	800009090	917581700	665808960	815625470	0	0	0	0	400300256	273434496	339034912	192896416	800009090	851274750	442670880	815625470	"unmatched"	"unmatched"	"unmatched"	"unmatched"	"MS/MS"	"MS/MS"	"MS/MS"	"MS/MS"	"MS/MS"	"MS/MS"	"MS/MS"	"MS/MS"	""	""	""	""	"N:1548.5448@N(1)ISDGFDGIPDNVDAALALPAHSYSGR;"	"N:1548.5448@N(1)ISDGFDGIPDNVDAALALPAHSYSGR;"	"N:1548.5448@N(1)ISDGFDGIPDNVDAALALPAHSYSGR;"	"N:1548.5448@N(1)ISDGFDGIPDNVDAALALPAHSYSGR;"	"N:1548.5448@N(1)ISDGFDGIPDNVDAALALPAHSYSGR;"	"N:1548.5448@N(1)ISDGFDGIPDNVDAALALPAHSYSGR;"	"N:1548.5448@N(1)ISDGFDGIPDNVDAALALPAHSYSGR;"	"N:1548.5448@N(1)ISDGFDGIPDNVDAALALPAHSYSGR;"
"NGSLFAFR"	"N[1622.5815]GSLFAFR"	"K"	"G"	169	176	8	"2,3"	"1N(1622.5815)"	"sp|P04004|VTNC_HUMAN"	"P04004"	"VTNC_HUMAN"	"VTN"	"Vitronectin"	""	""	1	1	1	0	4	6	3	6	6	8	9	6	24103802	18874178	9634235	7457730	460581504	480859648	119994936	147590400	543797500	704149380	1803895300	1130527230	24103802	18874178	9634235	7457730	327216512	403021824	98728872	124554264	381458560	599667710	1536440580	683277820	"MS/MS"	"MS/MS"	"MS/MS"	"MBR"	"MS/MS"	"MS/MS"	"MS/MS"	"MS/MS"	"MS/MS"	"MS/MS"	"MS/MS"	"MS/MS"	"N:1622.5815@N(1)GSLFAFR;"	"N:1622.5815@N(1)GSLFAFR;"	"N:1622.5815@N(1)GSLFAFR;"	""	"N:1622.5815@N(1)GSLFAFR;"	"N:1622.5815@N(1)GSLFAFR;"	"N:1622.5815@N(1)GSLFAFR;"	"N:1622.5815@N(1)GSLFAFR;"	"N:1622.5815@N(1)GSLFAFR;"	"N:1622.5815@N(1)GSLFAFR;"	"N:1622.5815@N(1)GSLFAFR;"	"N:1622.5815@N(1)GSLFAFR;"
"NISDGFDGIPDNVDAALALPAHSYSGR"	"N[1622.5815]ISDGFDGIPDNVDAALALPAHSYSGR"	"R"	"E"	242	268	27	"3,4,5"	"1N(1622.5815)"	"sp|P04004|VTNC_HUMAN"	"P04004"	"VTNC_HUMAN"	"VTN"	"Vitronectin"	""	""	1	0	0	0	2	5	3	3	6	4	12	17	5233018	0	0	0	213598320	257736848	56802392	61007428	409057888	411412352	636363780	747323010	9780280	0	0	0	207987200	241088656	38379944	114020192	254926176	253045568	315292064	295524448	"MS/MS"	"unmatched"	"unmatched"	"unmatched"	"MS/MS"	"MS/MS"	"MS/MS"	"MS/MS"	"MS/MS"	"MS/MS"	"MS/MS"	"MS/MS"	"N:1622.5815@N(1)ISDGFDGIPDNVDAALALPAHSYSGR;"	""	""	""	"N:1622.5815@N(1)ISDGFDGIPDNVDAALALPAHSYSGR;"	"N:1622.5815@N(1)ISDGFDGIPDNVDAALALPAHSYSGR;"	"N:1622.5815@N(1)ISDGFDGIPDNVDAALALPAHSYSGR;"	"N:1622.5815@N(1)ISDGFDGIPDNVDAALALPAHSYSGR;"	"N:1622.5815@N(1)ISDGFDGIPDNVDAALALPAHSYSGR;"	"N:1622.5815@N(1)ISDGFDGIPDNVDAALALPAHSYSGR;"	"N:1622.5815@N(1)ISDGFDGIPDNVDAALALPAHSYSGR;"	"N:1622.5815@N(1)ISDGFDGIPDNVDAALALPAHSYSGR;"
"NGSLFAFR"	"N[1710.5977]GSLFAFR"	"K"	"G"	169	176	8	"2,3"	"1N(1710.5977)"	"sp|P04004|VTNC_HUMAN"	"P04004"	"VTNC_HUMAN"	"VTN"	"Vitronectin"	""	""	0	1	1	2	2	4	2	5	7	8	7	6	54469588	32965748	55248980	42325888	5273962000	3321974020	1214756860	4214895620	5335886800	5028223500	5347258400	1622129280	86480320	52339084	87717744	34965232	4368695300	5274234400	352516512	3529652990	4482413600	4235512830	4473007100	308806560	"MBR"	"MS/MS"	"MS/MS"	"MS/MS"	"MS/MS"	"MS/MS"	"MS/MS"	"MS/MS"	"MS/MS"	"MS/MS"	"MS/MS"	"MS/MS"	""	"N:1710.5977@N(1)GSLFAFR;"	"N:1710.5977@N(1)GSLFAFR;"	"N:1710.5977@N(1)GSLFAFR;"	"N:1710.5977@N(1)GSLFAFR;"	"N:1710.5977@N(1)GSLFAFR;"	"N:1710.5977@N(1)GSLFAFR;"	"N:1710.5977@N(1)GSLFAFR;"	"N:1710.5977@N(1)GSLFAFR;"	"N:1710.5977@N(1)GSLFAFR;"	"N:1710.5977@N(1)GSLFAFR;"	"N:1710.5977@N(1)GSLFAFR;"
"NGSLFAFR"	"N[1872.6504]GSLFAFR"	"K"	"G"	169	176	8	"2,3"	"1N(1872.6504)"	"sp|P04004|VTNC_HUMAN"	"P04004"	"VTNC_HUMAN"	"VTN"	"Vitronectin"	""	""	0	1	0	1	4	3	4	3	3	4	4	3	0	9949718	12308516	9914586	1398259070	1268369020	1077763970	1113356800	1153813630	1073744640	1060594180	1081595780	0	9949718	12308516	9914586	1028677700	1032264580	862503940	1017533570	1012390980	990236610	985027520	991073150	"unmatched"	"MS/MS"	"MBR"	"MS/MS"	"MS/MS"	"MS/MS"	"MS/MS"	"MS/MS"	"MS/MS"	"MS/MS"	"MS/MS"	"MS/MS"	""	"N:1872.6504@N(1)GSLFAFR;"	""	"N:1872.6504@N(1)GSLFAFR;"	"N:1872.6504@N(1)GSLFAFR;"	"N:1872.6504@N(1)GSLFAFR;"	"N:1872.6504@N(1)GSLFAFR;"	"N:1872.6504@N(1)GSLFAFR;"	"N:1872.6504@N(1)GSLFAFR;"	"N:1872.6504@N(1)GSLFAFR;"	"N:1872.6504@N(1)GSLFAFR;"	"N:1872.6504@N(1)GSLFAFR;"
"NFTENDLLVR"	"N[1913.6770]FTENDLLVR"	"K"	"I"	416	425	10	"2,3,4"	"1N(1913.6770)"	"sp|P00734|THRB_HUMAN"	"P00734"	"THRB_HUMAN"	"F2"	"Prothrombin"	""	"tr|E9PIT3|E9PIT3_HUMAN"	2	2	1	1	1	3	2	2	16	21	14	20	41551612	16854350	31706612	33861060	17298856	16104105	7363851	18492000	2332763900	2602789630	3688244480	3459956740	41551612	16854350	31706612	33861060	17298856	16104105	7363851	18492000	2279929600	2463391740	3427108100	2732526340	"MS/MS"	"MS/MS"	"MS/MS"	"MS/MS"	"MS/MS"	"MS/MS"	"MS/MS"	"MS/MS"	"MS/MS"	"MS/MS"	"MS/MS"	"MS/MS"	"N:1913.6770@N(1)FTENDLLVR;"	"N:1913.6770@N(1)FTENDLLVR;"	"N:1913.6770@N(1)FTENDLLVR;"	"N:1913.6770@N(1)FTENDLLVR;"	"N:1913.6770@N(1)FTENDLLVR;"	"N:1913.6770@N(1)FTENDLLVR;"	"N:1913.6770@N(1)FTENDLLVR;"	"N:1913.6770@N(1)FTENDLLVR;"	"N:1913.6770@N(1)FTENDLLVR;"	"N:1913.6770@N(1)FTENDLLVR;"	"N:1913.6770@N(1)FTENDLLVR;"	"N:1913.6770@N(1)FTENDLLVR;"
"NGSLFAFR"	"N[1913.6770]GSLFAFR"	"K"	"G"	169	176	8	"2,3,4"	"1N(1913.6770)"	"sp|P04004|VTNC_HUMAN"	"P04004"	"VTNC_HUMAN"	"VTN"	"Vitronectin"	""	""	0	1	1	1	9	9	9	10	17	15	24	18	80252856	35420008	115581240	49907148	421189312	7900009000	4315234300	4590946800	8000002600	8277730800	11066786800	12115058700	80252856	35420008	115581240	49907148	420861056	6443165200	3559504900	3820420860	6596966400	6629410800	9040461800	9707277300	"MBR"	"MS/MS"	"MS/MS"	"MS/MS"	"MS/MS"	"MS/MS"	"MS/MS"	"MS/MS"	"MS/MS"	"MS/MS"	"MS/MS"	"MS/MS"	""	"N:1913.6770@N(1)GSLFAFR;"	"N:1913.6770@N(1)GSLFAFR;"	"N:1913.6770@N(1)GSLFAFR;"	"N:1913.6770@N(1)GSLFAFR;"	"N:1913.6770@N(1)GSLFAFR;"	"N:1913.6770@N(1)GSLFAFR;"	"N:1913.6770@N(1)GSLFAFR;"	"N:1913.6770@N(1)GSLFAFR;"	"N:1913.6770@N(1)GSLFAFR;"	"N:1913.6770@N(1)GSLFAFR;"	"N:1913.6770@N(1)GSLFAFR;"
"NISDGFDGIPDNVDAALALPAHSYSGR"	"N[1913.6770]ISDGFDGIPDNVDAALALPAHSYSGR"	"R"	"E"	242	268	27	"3,4,5"	"1N(1913.6770)"	"sp|P04004|VTNC_HUMAN"	"P04004"	"VTNC_HUMAN"	"VTN"	"Vitronectin"	""	""	6	6	2	6	16	14	11	23	37	19	44	48	66457772	68630464	9951984	65446296	7478178800	6288521200	944502660	3831327230	12025349100	8124311000	23380963300	24149676000	49568968	58065528	118628272	58667728	2903717380	2373934850	4195305220	2231002110	7040538600	2030472320	14644465700	8775267300	"MS/MS"	"MS/MS"	"MS/MS"	"MS/MS"	"MS/MS"	"MS/MS"	"MS/MS"	"MS/MS"	"MS/MS"	"MS/MS"	"MS/MS"	"MS/MS"	"N:1913.6770@N(1)ISDGFDGIPDNVDAALALPAHSYSGR;"	"N:1913.6770@N(1)ISDGFDGIPDNVDAALALPAHSYSGR;"	"N:1913.6770@N(1)ISDGFDGIPDNVDAALALPAHSYSGR;"	"N:1913.6770@N(1)ISDGFDGIPDNVDAALALPAHSYSGR;"	"N:1913.6770@N(1)ISDGFDGIPDNVDAALALPAHSYSGR;"	"N:1913.6770@N(1)ISDGFDGIPDNVDAALALPAHSYSGR;"	"N:1913.6770@N(1)ISDGFDGIPDNVDAALALPAHSYSGR;"	"N:1913.6770@N(1)ISDGFDGIPDNVDAALALPAHSYSGR;"	"N:1913.6770@N(1)ISDGFDGIPDNVDAALALPAHSYSGR;"	"N:1913.6770@N(1)ISDGFDGIPDNVDAALALPAHSYSGR;"	"N:1913.6770@N(1)ISDGFDGIPDNVDAALALPAHSYSGR;"	"N:1913.6770@N(1)ISDGFDGIPDNVDAALALPAHSYSGR;"
"NNSDISSTR"	"N[2059.7349]NSDISSTR"	"K"	"G"	46	54	9	"2,3,4"	"1N(2059.7349)"	"sp|P01871|IGHM_HUMAN"	"P01871"	"IGHM_HUMAN"	"IGHM"	"Immunoglobulin heavy constant mu"	""	""	3	3	3	2	1	2	0	1	5	5	7	6	265686448	114602200	714665860	259984784	509074432	396857696	541950340	438225632	736231040	706754560	689529540	676858500	318640064	115941304	724024580	256218864	374933312	329433120	541950340	438225632	580180220	637491140	715325380	709293250	"MS/MS"	"MS/MS"	"MS/MS"	"MS/MS"	"MS/MS"	"MS/MS"	"MBR"	"MS/MS"	"MS/MS"	"MS/MS"	"MS/MS"	"MS/MS"	"N:2059.7349@N(1)NSDISSTR;"	"N:2059.7349@N(1)NSDISSTR;"	"N:2059.7349@N(1)NSDISSTR;"	"N:2059.7349@N(1)NSDISSTR;"	"N:2059.7349@N(1)NSDISSTR;"	"N:2059.7349@N(1)NSDISSTR;"	""	"N:2059.7349@N(1)NSDISSTR;"	"N:2059.7349@N(1)NSDISSTR;"	"N:2059.7349@N(1)NSDISSTR;"	"N:2059.7349@N(1)NSDISSTR;"	"N:2059.7349@N(1)NSDISSTR;"
"NFTENDLLVR"	"N[2204.7725]FTENDLLVR"	"K"	"I"	416	425	10	"2,3,4"	"1N(2204.7725)"	"sp|P00734|THRB_HUMAN"	"P00734"	"THRB_HUMAN"	"F2"	"Prothrombin"	""	"tr|E9PIT3|E9PIT3_HUMAN"	3	2	2	3	2	2	2	1	15	13	13	14	60788144	27047472	50819900	46976456	17212406	14462968	9742090	0	4298202100	1199559550	1179490300	4750534700	45866888	22370924	39388624	32847010	19741510	16588084	11173544	0	2670591740	895482430	837701500	2770481150	"MS/MS"	"MS/MS"	"MS/MS"	"MS/MS"	"MS/MS"	"MS/MS"	"MS/MS"	"MS/MS"	"MS/MS"	"MS/MS"	"MS/MS"	"MS/MS"	"N:2204.7725@N(1)FTENDLLVR;"	"N:2204.7725@N(1)FTENDLLVR;"	"N:2204.7725@N(1)FTENDLLVR;"	"N:2204.7725@N(1)FTENDLLVR;"	"N:2204.7725@N(1)FTENDLLVR;"	"N:2204.7725@N(1)FTENDLLVR;"	"N:2204.7725@N(1)FTENDLLVR;"	"N:2204.7725@N(1)FTENDLLVR;"	"N:2204.7725@N(1)FTENDLLVR;"	"N:2204.7725@N(1)FTENDLLVR;"	"N:2204.7725@N(1)FTENDLLVR;"	"N:2204.7725@N(1)FTENDLLVR;"
"NGSLFAFR"	"N[2204.7725]GSLFAFR"	"K"	"G"	169	176	8	"2,3,4"	"1N(2204.7725)"	"sp|P04004|VTNC_HUMAN"	"P04004"	"VTNC_HUMAN"	"VTN"	"Vitronectin"	""	""	2	0	1	1	4	8	7	9	15	21	16	23	125326592	86031792	56878036	72282176	23132051500	26033109000	23043577900	24417345500	23964477400	6839329300	9643919400	7744463900	144214864	86195632	55762472	74131208	12369652700	13249252400	9622459400	11944870900	10802720800	5961578500	7925054000	6134582800	"MS/MS"	"MBR"	"MS/MS"	"MS/MS"	"MS/MS"	"MS/MS"	"MS/MS"	"MS/MS"	"MS/MS"	"MS/MS"	"MS/MS"	"MS/MS"	"N:2204.7725@N(1)GSLFAFR;"	""	"N:2204.7725@N(1)GSLFAFR;"	"N:2204.7725@N(1)GSLFAFR;"	"N:2204.7725@N(1)GSLFAFR;"	"N:2204.7725@N(1)GSLFAFR;"	"N:2204.7725@N(1)GSLFAFR;"	"N:2204.7725@N(1)GSLFAFR;"	"N:2204.7725@N(1)GSLFAFR;"	"N:2204.7725@N(1)GSLFAFR;"	"N:2204.7725@N(1)GSLFAFR;"	"N:2204.7725@N(1)GSLFAFR;"
"NHSCEPCQTLAVR"	"N[2204.7725]HSC[57.0215]EPC[57.0215]QTLAVR"	"R"	"S"	433	445	13	"3,4,5"	"1N(2204.7725),4C(57.0215),7C(57.0215)"	"sp|P00748|FA12_HUMAN"	"P00748"	"FA12_HUMAN"	"F12"	"Coagulation factor XII"	""	""	2	3	2	2	5	5	4	8	2	2	2	2	57838704	36640116	77239288	87204496	1773607810	3074627580	1815755650	2857793540	16111116	12466344	24877686	22363350	41978264	27048500	56593052	64482072	374293312	2270824450	537967620	1618332420	11887151	9091438	18281622	16537915	"MS/MS"	"MS/MS"	"MS/MS"	"MS/MS"	"MS/MS"	"MS/MS"	"MS/MS"	"MS/MS"	"MS/MS"	"MS/MS"	"MS/MS"	"MS/MS"	"C:57.0215@NHSC(1)EPC(1)QTLAVR;N:2204.7725@N(1)HSCEPCQTLAVR;"	"C:57.0215@NHSC(1)EPC(1)QTLAVR;N:2204.7725@N(1)HSCEPCQTLAVR;"	"C:57.0215@NHSC(1)EPC(1)QTLAVR;N:2204.7725@N(1)HSCEPCQTLAVR;"	"C:57.0215@NHSC(1)EPC(1)QTLAVR;N:2204.7725@N(1)HSCEPCQTLAVR;"	"C:57.0215@NHSC(1)EPC(1)QTLAVR;N:2204.7725@N(1)HSCEPCQTLAVR;"	"C:57.0215@NHSC(1)EPC(1)QTLAVR;N:2204.7725@N(1)HSCEPCQTLAVR;"	"C:57.0215@NHSC(1)EPC(1)QTLAVR;N:2204.7725@N(1)HSCEPCQTLAVR;"	"C:57.0215@NHSC(1)EPC(1)QTLAVR;N:2204.7725@N(1)HSCEPCQTLAVR;"	"C:57.0215@NHSC(1)EPC(1)QTLAVR;N:2204.7725@N(1)HSCEPCQTLAVR;"	"C:57.0215@NHSC(1)EPC(1)QTLAVR;N:2204.7725@N(1)HSCEPCQTLAVR;"	"C:57.0215@NHSC(1)EPC(1)QTLAVR;N:2204.7725@N(1)HSCEPCQTLAVR;"	"C:57.0215@NHSC(1)EPC(1)QTLAVR;N:2204.7725@N(1)HSCEPCQTLAVR;"
"NISDGFDGIPDNVDAALALPAHSYSGR"	"N[2204.7725]ISDGFDGIPDNVDAALALPAHSYSGR"	"R"	"E"	242	268	27	"3,4,5"	"1N(2204.7725)"	"sp|P04004|VTNC_HUMAN"	"P04004"	"VTNC_HUMAN"	"VTN"	"Vitronectin"	""	""	2	5	3	6	35	42	32	51	71	39	68	64	103112432	85666624	473131200	212912224	33360009200	28957235200	34140604400	35965518000	40914493000	40633143000	40738750000	42423210000	103112432	74619512	446640032	189089952	6883256300	17945479200	27670800400	27672459300	35738427000	34868204000	34249850900	39193604000	"MS/MS"	"MS/MS"	"MS/MS"	"MS/MS"	"MS/MS"	"MS/MS"	"MS/MS"	"MS/MS"	"MS/MS"	"MS/MS"	"MS/MS"	"MS/MS"	"N:2204.7725@N(1)ISDGFDGIPDNVDAALALPAHSYSGR;"	"N:2204.7725@N(1)ISDGFDGIPDNVDAALALPAHSYSGR;"	"N:2204.7725@N(1)ISDGFDGIPDNVDAALALPAHSYSGR;"	"N:2204.7725@N(1)ISDGFDGIPDNVDAALALPAHSYSGR;"	"N:2204.7725@N(1)ISDGFDGIPDNVDAALALPAHSYSGR;"	"N:2204.7725@N(1)ISDGFDGIPDNVDAALALPAHSYSGR;"	"N:2204.7725@N(1)ISDGFDGIPDNVDAALALPAHSYSGR;"	"N:2204.7725@N(1)ISDGFDGIPDNVDAALALPAHSYSGR;"	"N:2204.7725@N(1)ISDGFDGIPDNVDAALALPAHSYSGR;"	"N:2204.7725@N(1)ISDGFDGIPDNVDAALALPAHSYSGR;"	"N:2204.7725@N(1)ISDGFDGIPDNVDAALALPAHSYSGR;"	"N:2204.7725@N(1)ISDGFDGIPDNVDAALALPAHSYSGR;"
"NVTAEQAR"	"N[2204.7725]VTAEQAR"	"R"	"N"	249	256	8	"2,3,4"	"1N(2204.7725)"	"sp|P00748|FA12_HUMAN"	"P00748"	"FA12_HUMAN"	"F12"	"Coagulation factor XII"	""	""	1	0	0	0	2	4	4	5	0	0	0	0	10407039	0	20577658	17992766	1014103810	902658560	973607300	955781440	0	0	0	0	10407039	0	20577658	17992766	950818880	850174780	896652540	870310780	0	0	0	0	"MS/MS"	"unmatched"	"MBR"	"MBR"	"MS/MS"	"MS/MS"	"MS/MS"	"MS/MS"	"unmatched"	"unmatched"	"unmatched"	"unmatched"	"N:2204.7725@N(1)VTAEQAR;"	""	""	""	"N:2204.7725@N(1)VTAEQAR;"	"N:2204.7725@N(1)VTAEQAR;"	"N:2204.7725@N(1)VTAEQAR;"	"N:2204.7725@N(1)VTAEQAR;"	""	""	""	""
"NISDGFDGIPDNVDAALALPAHSYSGR"	"N[2278.8091]ISDGFDGIPDNVDAALALPAHSYSGR"	"R"	"E"	242	268	27	"3,4,5"	"1N(2278.8091)"	"sp|P04004|VTNC_HUMAN"	"P04004"	"VTNC_HUMAN"	"VTN"	"Vitronectin"	""	""	5	2	0	1	7	6	3	7	6	4	7	6	16493841	9664924	0	0	408012640	386519264	115817992	133218848	444785408	319574688	998477700	1235285500	16493841	9664924	0	0	330449024	298828000	115817992	115101856	377483840	319574688	839849730	980947580	"MS/MS"	"MS/MS"	"unmatched"	"MS/MS"	"MS/MS"	"MS/MS"	"MS/MS"	"MS/MS"	"MS/MS"	"MS/MS"	"MS/MS"	"MS/MS"	"N:2278.8091@N(1)ISDGFDGIPDNVDAALALPAHSYSGR;"	"N:2278.8091@N(1)ISDGFDGIPDNVDAALALPAHSYSGR;"	""	"N:2278.8091@N(1)ISDGFDGIPDNVDAALALPAHSYSGR;"	"N:2278.8091@N(1)ISDGFDGIPDNVDAALALPAHSYSGR;"	"N:2278.8091@N(1)ISDGFDGIPDNVDAALALPAHSYSGR;"	"N:2278.8091@N(1)ISDGFDGIPDNVDAALALPAHSYSGR;"	"N:2278.8091@N(1)ISDGFDGIPDNVDAALALPAHSYSGR;"	"N:2278.8091@N(1)ISDGFDGIPDNVDAALALPAHSYSGR;"	"N:2278.8091@N(1)ISDGFDGIPDNVDAALALPAHSYSGR;"	"N:2278.8091@N(1)ISDGFDGIPDNVDAALALPAHSYSGR;"	"N:2278.8091@N(1)ISDGFDGIPDNVDAALALPAHSYSGR;"
"NISDGFDGIPDNVDAALALPAHSYSGR"	"N[2350.8303]ISDGFDGIPDNVDAALALPAHSYSGR"	"R"	"E"	242	268	27	"3,4,5"	"1N(2350.8303)"	"sp|P04004|VTNC_HUMAN"	"P04004"	"VTNC_HUMAN"	"VTN"	"Vitronectin"	""	""	0	0	0	1	9	13	11	13	13	12	12	11	0	0	0	0	507017632	382318464	504619296	560036860	838978300	749058690	832317820	986236350	0	0	0	0	404206688	277651232	341707072	469807328	632547070	644225920	675534850	752075070	"unmatched"	"unmatched"	"unmatched"	"MS/MS"	"MS/MS"	"MS/MS"	"MS/MS"	"MS/MS"	"MS/MS"	"MS/MS"	"MS/MS"	"MS/MS"	""	""	""	"N:2350.8303@N(1)ISDGFDGIPDNVDAALALPAHSYSGR;"	"N:2350.8303@N(1)ISDGFDGIPDNVDAALALPAHSYSGR;"	"N:2350.8303@N(1)ISDGFDGIPDNVDAALALPAHSYSGR;"	"N:2350.8303@N(1)ISDGFDGIPDNVDAALALPAHSYSGR;"	"N:2350.8303@N(1)ISDGFDGIPDNVDAALALPAHSYSGR;"	"N:2350.8303@N(1)ISDGFDGIPDNVDAALALPAHSYSGR;"	"N:2350.8303@N(1)ISDGFDGIPDNVDAALALPAHSYSGR;"	"N:2350.8303@N(1)ISDGFDGIPDNVDAALALPAHSYSGR;"	"N:2350.8303@N(1)ISDGFDGIPDNVDAALALPAHSYSGR;"
"NISDGFDGIPDNVDAALALPAHSYSGR"	"N[2424.8672]ISDGFDGIPDNVDAALALPAHSYSGR"	"R"	"E"	242	268	27	"3,4,5"	"1N(2424.8672)"	"sp|P04004|VTNC_HUMAN"	"P04004"	"VTNC_HUMAN"	"VTN"	"Vitronectin"	""	""	2	3	0	0	6	5	2	5	6	7	7	8	16169022	6679067.5	0	0	283922368	257807472	73971280	102865584	333342016	300569408	324084864	817654140	16472405	6804388.5	0	0	210951216	195690832	75359216	80973168	221216192	235212016	248845184	560693700	"MS/MS"	"MS/MS"	"unmatched"	"unmatched"	"MS/MS"	"MS/MS"	"MS/MS"	"MS/MS"	"MS/MS"	"MS/MS"	"MS/MS"	"MS/MS"	"N:2424.8672@N(1)ISDGFDGIPDNVDAALALPAHSYSGR;"	"N:2424.8672@N(1)ISDGFDGIPDNVDAALALPAHSYSGR;"	""	""	"N:2424.8672@N(1)ISDGFDGIPDNVDAALALPAHSYSGR;"	"N:2424.8672@N(1)ISDGFDGIPDNVDAALALPAHSYSGR;"	"N:2424.8672@N(1)ISDGFDGIPDNVDAALALPAHSYSGR;"	"N:2424.8672@N(1)ISDGFDGIPDNVDAALALPAHSYSGR;"	"N:2424.8672@N(1)ISDGFDGIPDNVDAALALPAHSYSGR;"	"N:2424.8672@N(1)ISDGFDGIPDNVDAALALPAHSYSGR;"	"N:2424.8672@N(1)ISDGFDGIPDNVDAALALPAHSYSGR;"	"N:2424.8672@N(1)ISDGFDGIPDNVDAALALPAHSYSGR;"
"NISDGFDGIPDNVDAALALPAHSYSGR"	"N[2569.9045]ISDGFDGIPDNVDAALALPAHSYSGR"	"R"	"E"	242	268	27	"3,4,5"	"1N(2569.9045)"	"sp|P04004|VTNC_HUMAN"	"P04004"	"VTNC_HUMAN"	"VTN"	"Vitronectin"	""	""	7	6	6	5	14	18	11	18	25	14	21	16	60963144	31026666	45142892	41526392	2830807550	2178913020	1463432580	1592333060	3258815740	2867960320	3631764740	3783517180	49550124	24255228	35899796	41526392	1956737790	1612379780	1096570620	1162787200	2489130240	2110405760	2645261820	2841989380	"MS/MS"	"MS/MS"	"MS/MS"	"MS/MS"	"MS/MS"	"MS/MS"	"MS/MS"	"MS/MS"	"MS/MS"	"MS/MS"	"MS/MS"	"MS/MS"	"N:2569.9045@N(1)ISDGFDGIPDNVDAALALPAHSYSGR;"	"N:2569.9045@N(1)ISDGFDGIPDNVDAALALPAHSYSGR;"	"N:2569.9045@N(1)ISDGFDGIPDNVDAALALPAHSYSGR;"	"N:2569.9045@N(1)ISDGFDGIPDNVDAALALPAHSYSGR;"	"N:2569.9045@N(1)ISDGFDGIPDNVDAALALPAHSYSGR;"	"N:2569.9045@N(1)ISDGFDGIPDNVDAALALPAHSYSGR;"	"N:2569.9045@N(1)ISDGFDGIPDNVDAALALPAHSYSGR;"	"N:2569.9045@N(1)ISDGFDGIPDNVDAALALPAHSYSGR;"	"N:2569.9045@N(1)ISDGFDGIPDNVDAALALPAHSYSGR;"	"N:2569.9045@N(1)ISDGFDGIPDNVDAALALPAHSYSGR;"	"N:2569.9045@N(1)ISDGFDGIPDNVDAALALPAHSYSGR;"	"N:2569.9045@N(1)ISDGFDGIPDNVDAALALPAHSYSGR;"
"NISDGFDGIPDNVDAALALPAHSYSGR"	"N[2715.9624]ISDGFDGIPDNVDAALALPAHSYSGR"	"R"	"E"	242	268	27	"4,5"	"1N(2715.9624)"	"sp|P04004|VTNC_HUMAN"	"P04004"	"VTNC_HUMAN"	"VTN"	"Vitronectin"	""	""	5	3	3	3	3	6	4	11	7	5	12	6	61228424	33672776	34652540	34894164	2354187520	1429783810	1326263940	1270851710	147966800	1891878020	197991888	3322716670	47907292	27429184	34652540	34894164	1653569150	1105423620	979433280	914160700	120071800	1410396800	155112416	2558575870	"MS/MS"	"MS/MS"	"MS/MS"	"MS/MS"	"MS/MS"	"MS/MS"	"MS/MS"	"MS/MS"	"MS/MS"	"MS/MS"	"MS/MS"	"MS/MS"	"N:2715.9624@N(1)ISDGFDGIPDNVDAALALPAHSYSGR;"	"N:2715.9624@N(1)ISDGFDGIPDNVDAALALPAHSYSGR;"	"N:2715.9624@N(1)ISDGFDGIPDNVDAALALPAHSYSGR;"	"N:2715.9624@N(1)ISDGFDGIPDNVDAALALPAHSYSGR;"	"N:2715.9624@N(1)ISDGFDGIPDNVDAALALPAHSYSGR;"	"N:2715.9624@N(1)ISDGFDGIPDNVDAALALPAHSYSGR;"	"N:2715.9624@N(1)ISDGFDGIPDNVDAALALPAHSYSGR;"	"N:2715.9624@N(1)ISDGFDGIPDNVDAALALPAHSYSGR;"	"N:2715.9624@N(1)ISDGFDGIPDNVDAALALPAHSYSGR;"	"N:2715.9624@N(1)ISDGFDGIPDNVDAALALPAHSYSGR;"	"N:2715.9624@N(1)ISDGFDGIPDNVDAALALPAHSYSGR;"	"N:2715.9624@N(1)ISDGFDGIPDNVDAALALPAHSYSGR;"
"NISDGFDGIPDNVDAALALPAHSYSGR"	"N[2861.0000]ISDGFDGIPDNVDAALALPAHSYSGR"	"R"	"E"	242	268	27	"4,5"	"1N(2861.0000)"	"sp|P04004|VTNC_HUMAN"	"P04004"	"VTNC_HUMAN"	"VTN"	"Vitronectin"	""	""	6	4	6	4	16	16	9	24	39	20	31	27	54271536	24365652	65536968	59999408	6344200200	5136218100	6308959200	7001100300	7313172500	6513138700	4656207900	4999032300	54271536	24365652	44696196	41238092	4213333500	3425883390	4163788800	4590843400	4909672400	4330110000	3104028160	3344935680	"MS/MS"	"MS/MS"	"MS/MS"	"MS/MS"	"MS/MS"	"MS/MS"	"MS/MS"	"MS/MS"	"MS/MS"	"MS/MS"	"MS/MS"	"MS/MS"	"N:2861.0000@N(1)ISDGFDGIPDNVDAALALPAHSYSGR;"	"N:2861.0000@N(1)ISDGFDGIPDNVDAALALPAHSYSGR;"	"N:2861.0000@N(1)ISDGFDGIPDNVDAALALPAHSYSGR;"	"N:2861.0000@N(1)ISDGFDGIPDNVDAALALPAHSYSGR;"	"N:2861.0000@N(1)ISDGFDGIPDNVDAALALPAHSYSGR;"	"N:2861.0000@N(1)ISDGFDGIPDNVDAALALPAHSYSGR;"	"N:2861.0000@N(1)ISDGFDGIPDNVDAALALPAHSYSGR;"	"N:2861.0000@N(1)ISDGFDGIPDNVDAALALPAHSYSGR;"	"N:2861.0000@N(1)ISDGFDGIPDNVDAALALPAHSYSGR;"	"N:2861.0000@N(1)ISDGFDGIPDNVDAALALPAHSYSGR;"	"N:2861.0000@N(1)ISDGFDGIPDNVDAALALPAHSYSGR;"	"N:2861.0000@N(1)ISDGFDGIPDNVDAALALPAHSYSGR;"
"NISDGFDGIPDNVDAALALPAHSYSGR"	"N[3007.0579]ISDGFDGIPDNVDAALALPAHSYSGR"	"R"	"E"	242	268	27	"4,5"	"1N(3007.0579)"	"sp|P04004|VTNC_HUMAN"	"P04004"	"VTNC_HUMAN"	"VTN"	"Vitronectin"	""	""	5	2	5	4	12	12	10	11	23	9	20	20	83263056	64356256	136654912	87354048	9044275200	6988217300	3199566340	9344180200	4339079700	6450008100	6276726800	8010117100	67942632	47250184	108107904	71307376	6840069100	5193603100	2233577220	6902719500	2762286340	1796750720	4788902400	6002698200	"MS/MS"	"MS/MS"	"MS/MS"	"MS/MS"	"MS/MS"	"MS/MS"	"MS/MS"	"MS/MS"	"MS/MS"	"MS/MS"	"MS/MS"	"MS/MS"	"N:3007.0579@N(1)ISDGFDGIPDNVDAALALPAHSYSGR;"	"N:3007.0579@N(1)ISDGFDGIPDNVDAALALPAHSYSGR;"	"N:3007.0579@N(1)ISDGFDGIPDNVDAALALPAHSYSGR;"	"N:3007.0579@N(1)ISDGFDGIPDNVDAALALPAHSYSGR;"	"N:3007.0579@N(1)ISDGFDGIPDNVDAALALPAHSYSGR;"	"N:3007.0579@N(1)ISDGFDGIPDNVDAALALPAHSYSGR;"	"N:3007.0579@N(1)ISDGFDGIPDNVDAALALPAHSYSGR;"	"N:3007.0579@N(1)ISDGFDGIPDNVDAALALPAHSYSGR;"	"N:3007.0579@N(1)ISDGFDGIPDNVDAALALPAHSYSGR;"	"N:3007.0579@N(1)ISDGFDGIPDNVDAALALPAHSYSGR;"	"N:3007.0579@N(1)ISDGFDGIPDNVDAALALPAHSYSGR;"	"N:3007.0579@N(1)ISDGFDGIPDNVDAALALPAHSYSGR;"
"NGTGHGNSTHHGPEYMR"	"N[4118.4492]GTGHGNSTHHGPEYMR"	"R"	"C"	240	256	17	"5"	"1N(4118.4492)"	"sp|P02790|HEMO_HUMAN"	"P02790"	"HEMO_HUMAN"	"HPX"	"Hemopexin"	""	""	2	0	2	0	0	0	0	0	1	1	0	0	98756248	95001648	637132740	0	0	0	0	0	14408749	15479588	0	0	98756248	95001648	637132740	0	0	0	0	0	14408749	15479588	0	0	"MS/MS"	"MBR"	"MS/MS"	"unmatched"	"unmatched"	"unmatched"	"unmatched"	"unmatched"	"MS/MS"	"MS/MS"	"unmatched"	"unmatched"	"N:4118.4492@N(1)GTGHGNSTHHGPEYMR;"	""	"N:4118.4492@N(1)GTGHGNSTHHGPEYMR;"	""	""	""	""	""	"N:4118.4492@N(1)GTGHGNSTHHGPEYMR;"	"N:4118.4492@N(1)GTGHGNSTHHGPEYMR;"	""	""
"NGTGHGNSTHHGPEYMR"	"N[4118.4492]GTGHGNSTHHGPEYM[15.9949]R"	"R"	"C"	240	256	17	"5"	"1N(4118.4492),16M(15.9949)"	"sp|P02790|HEMO_HUMAN"	"P02790"	"HEMO_HUMAN"	"HPX"	"Hemopexin"	""	""	0	1	0	0	0	0	0	0	0	0	0	0	730247230	387175424	0	0	0	39688592	0	0	0	0	0	0	730247230	387175424	0	0	0	39688592	0	0	0	0	0	0	"MBR"	"MS/MS"	"unmatched"	"unmatched"	"unmatched"	"MBR"	"unmatched"	"unmatched"	"unmatched"	"unmatched"	"unmatched"	"unmatched"	""	"M:15.9949@NGTGHGNSTHHGPEYM(1)R;N:4118.4492@N(1)GTGHGNSTHHGPEYMR;"	""	""	""	""	""	""	""	""	""	""
"NGTGHGNSTHHGPEYMR"	"N[4409.5449]GTGHGNSTHHGPEYMR"	"R"	"C"	240	256	17	"4,5"	"1N(4409.5449)"	"sp|P02790|HEMO_HUMAN"	"P02790"	"HEMO_HUMAN"	"HPX"	"Hemopexin"	""	""	2	2	2	3	0	0	0	0	3	2	1	0	371919904	119347112	1713912700	311046432	0	0	0	0	55610188	42200628	36191656	0	296008672	119347112	1380330750	258812128	0	0	0	0	46799300	42200628	36191656	0	"MS/MS"	"MS/MS"	"MS/MS"	"MS/MS"	"unmatched"	"unmatched"	"unmatched"	"unmatched"	"MS/MS"	"MS/MS"	"MS/MS"	"unmatched"	"N:4409.5449@N(1)GTGHGNSTHHGPEYMR;"	"N:4409.5449@N(1)GTGHGNSTHHGPEYMR;"	"N:4409.5449@N(1)GTGHGNSTHHGPEYMR;"	"N:4409.5449@N(1)GTGHGNSTHHGPEYMR;"	""	""	""	""	"N:4409.5449@N(1)GTGHGNSTHHGPEYMR;"	"N:4409.5449@N(1)GTGHGNSTHHGPEYMR;"	"N:4409.5449@N(1)GTGHGNSTHHGPEYMR;"	""
"NGTGHGNSTHHGPEYMR"	"N[4409.5449]GTGHGNSTHHGPEYM[15.9949]R"	"R"	"C"	240	256	17	"4,5"	"1N(4409.5449),16M(15.9949)"	"sp|P02790|HEMO_HUMAN"	"P02790"	"HEMO_HUMAN"	"HPX"	"Hemopexin"	""	""	0	1	1	2	0	0	0	0	0	0	0	0	946357950	72233080	3168306430	414142240	0	74646816	39729468	0	0	40879916	0	0	646274370	161873728	4236463100	162036176	0	57555316	53123780	0	0	54662092	0	0	"MBR"	"MS/MS"	"MS/MS"	"MS/MS"	"unmatched"	"MBR"	"MBR"	"unmatched"	"unmatched"	"MBR"	"unmatched"	"unmatched"	""	"M:15.9949@NGTGHGNSTHHGPEYM(1)R;N:4409.5449@N(1)GTGHGNSTHHGPEYMR;"	"M:15.9949@NGTGHGNSTHHGPEYM(1)R;N:4409.5449@N(1)GTGHGNSTHHGPEYMR;"	"M:15.9949@NGTGHGNSTHHGPEYM(1)R;N:4409.5449@N(1)GTGHGNSTHHGPEYMR;"	""	""	""	""	""	""	""	""
"QQQHLFGSNVTDCSGNFCLFR"	"QQQHLFGSN[1913.6770]VTDC[57.0215]SGNFC[57.0215]LFR"	"R"	"S"	622	642	21	"3,4"	"9N(1913.6770),13C(57.0215),18C(57.0215)"	"sp|P02787|TRFE_HUMAN"	"P02787"	"TRFE_HUMAN"	"TF"	"Serotransferrin"	""	""	2	2	12	8	0	0	0	0	0	0	1	1	52257132	17224176	782145090	284478688	0	0	0	0	0	0	16588210	12842941	52257132	17224176	530293888	171943712	0	0	0	0	0	0	16588210	12842941	"MS/MS"	"MS/MS"	"MS/MS"	"MS/MS"	"unmatched"	"unmatched"	"unmatched"	"unmatched"	"unmatched"	"unmatched"	"MS/MS"	"MS/MS"	"C:57.0215@QQQHLFGSNVTDC(1)SGNFC(1)LFR;N:1913.6770@QQQHLFGSN(1)VTDCSGNFCLFR;"	"C:57.0215@QQQHLFGSNVTDC(1)SGNFC(1)LFR;N:1913.6770@QQQHLFGSN(1)VTDCSGNFCLFR;"	"C:57.0215@QQQHLFGSNVTDC(1)SGNFC(1)LFR;N:1913.6770@QQQHLFGSN(1)VTDCSGNFCLFR;"	"C:57.0215@QQQHLFGSNVTDC(1)SGNFC(1)LFR;N:1913.6770@QQQHLFGSN(1)VTDCSGNFCLFR;"	""	""	""	""	""	""	"C:57.0215@QQQHLFGSNVTDC(1)SGNFC(1)LFR;N:1913.6770@QQQHLFGSN(1)VTDCSGNFCLFR;"	"C:57.0215@QQQHLFGSNVTDC(1)SGNFC(1)LFR;N:1913.6770@QQQHLFGSN(1)VTDCSGNFCLFR;"
"QQQHLFGSNVTDCSGNFCLFR"	"QQQHLFGSN[2204.7725]VTDC[57.0215]SGNFC[57.0215]LFR"	"R"	"S"	622	642	21	"3,4,5"	"9N(2204.7725),13C(57.0215),18C(57.0215)"	"sp|P02787|TRFE_HUMAN"	"P02787"	"TRFE_HUMAN"	"TF"	"Serotransferrin"	""	""	3	3	4	7	0	0	0	0	4	2	3	3	197742928	144914272	6266648600	660575550	11977490	0	0	0	8866459	31940388	34225772	32218644	247538816	104078896	3290339330	161365808	17170204	0	0	0	11074602	45787808	49063996	46186696	"MS/MS"	"MS/MS"	"MS/MS"	"MS/MS"	"MBR"	"unmatched"	"unmatched"	"unmatched"	"MS/MS"	"MS/MS"	"MS/MS"	"MS/MS"	"C:57.0215@QQQHLFGSNVTDC(1)SGNFC(1)LFR;N:2204.7725@QQQHLFGSN(1)VTDCSGNFCLFR;"	"C:57.0215@QQQHLFGSNVTDC(1)SGNFC(1)LFR;N:2204.7725@QQQHLFGSN(1)VTDCSGNFCLFR;"	"C:57.0215@QQQHLFGSNVTDC(1)SGNFC(1)LFR;N:2204.7725@QQQHLFGSN(1)VTDCSGNFCLFR;"	"C:57.0215@QQQHLFGSNVTDC(1)SGNFC(1)LFR;N:2204.7725@QQQHLFGSN(1)VTDCSGNFCLFR;"	""	""	""	""	"C:57.0215@QQQHLFGSNVTDC(1)SGNFC(1)LFR;N:2204.7725@QQQHLFGSN(1)VTDCSGNFCLFR;"	"C:57.0215@QQQHLFGSNVTDC(1)SGNFC(1)LFR;N:2204.7725@QQQHLFGSN(1)VTDCSGNFCLFR;"	"C:57.0215@QQQHLFGSNVTDC(1)SGNFC(1)LFR;N:2204.7725@QQQHLFGSN(1)VTDCSGNFCLFR;"	"C:57.0215@QQQHLFGSNVTDC(1)SGNFC(1)LFR;N:2204.7725@QQQHLFGSN(1)VTDCSGNFCLFR;"
"RNHSCEPCQTLAVR"	"RN[2204.7725]HSC[57.0215]EPC[57.0215]QTLAVR"	"R"	"S"	432	445	14	"3,4,5"	"2N(2204.7725),5C(57.0215),8C(57.0215)"	"sp|P00748|FA12_HUMAN"	"P00748"	"FA12_HUMAN"	"F12"	"Coagulation factor XII"	""	""	1	0	0	1	4	5	4	4	0	0	0	0	38869084	0	51810236	31506444	1416057340	1321803260	1241752580	1147912830	0	0	0	0	38869084	0	51810236	31506444	1230174210	1206400260	1054978110	1109957760	0	0	0	0	"MS/MS"	"unmatched"	"MBR"	"MS/MS"	"MS/MS"	"MS/MS"	"MS/MS"	"MS/MS"	"unmatched"	"unmatched"	"unmatched"	"unmatched"	"C:57.0215@RNHSC(1)EPC(1)QTLAVR;N:2204.7725@RN(1)HSCEPCQTLAVR;"	""	""	"C:57.0215@RNHSC(1)EPC(1)QTLAVR;N:2204.7725@RN(1)HSCEPCQTLAVR;"	"C:57.0215@RNHSC(1)EPC(1)QTLAVR;N:2204.7725@RN(1)HSCEPCQTLAVR;"	"C:57.0215@RNHSC(1)EPC(1)QTLAVR;N:2204.7725@RN(1)HSCEPCQTLAVR;"	"C:57.0215@RNHSC(1)EPC(1)QTLAVR;N:2204.7725@RN(1)HSCEPCQTLAVR;"	"C:57.0215@RNHSC(1)EPC(1)QTLAVR;N:2204.7725@RN(1)HSCEPCQTLAVR;"	""	""	""	""
"SPYEMFGDEEVMCLNGNWTEPPQCK"	"SPYEM[15.9949]FGDEEVM[15.9949]C[57.0215]LNGN[2204.7725]WTEPPQC[57.0215]K"	"R"	"D"	1079	1103	25	"3,4,5"	"5M(15.9949),12M(15.9949),13C(57.0215),17N(2204.7725),24C(57.0215)"	"sp|P08603|CFAH_HUMAN"	"P08603"	"CFAH_HUMAN"	"CFH"	"Complement factor H"	"CFHR1"	"sp|Q03591|FHR1_HUMAN"	2	0	2	0	17	9	20	27	0	0	0	0	0	0	23024716	0	1484620160	146063312	1037037380	1200920060	0	0	0	0	0	0	23024716	0	1398964610	146063312	866699580	1065151040	0	0	0	0	"MS/MS"	"unmatched"	"MS/MS"	"unmatched"	"MS/MS"	"MS/MS"	"MS/MS"	"MS/MS"	"unmatched"	"unmatched"	"unmatched"	"unmatched"	"C:57.0215@SPYEMFGDEEVMC(1)LNGNWTEPPQC(1)K;N:2204.7725@SPYEMFGDEEVMCLNGN(1)WTEPPQCK;M:15.9949@SPYEM(1)FGDEEVM(1)CLNGNWTEPPQCK;"	""	"C:57.0215@SPYEMFGDEEVMC(1)LNGNWTEPPQC(1)K;N:2204.7725@SPYEMFGDEEVMCLNGN(1)WTEPPQCK;M:15.9949@SPYEM(1)FGDEEVM(1)CLNGNWTEPPQCK;"	""	"C:57.0215@SPYEMFGDEEVMC(1)LNGNWTEPPQC(1)K;N:2204.7725@SPYEMFGDEEVMCLNGN(1)WTEPPQCK;M:15.9949@SPYEM(1)FGDEEVM(1)CLNGNWTEPPQCK;"	"C:57.0215@SPYEMFGDEEVMC(1)LNGNWTEPPQC(1)K;N:2204.7725@SPYEMFGDEEVMCLNGN(1)WTEPPQCK;M:15.9949@SPYEM(1)FGDEEVM(1)CLNGNWTEPPQCK;"	"C:57.0215@SPYEMFGDEEVMC(1)LNGNWTEPPQC(1)K;N:2204.7725@SPYEMFGDEEVMCLNGN(1)WTEPPQCK;M:15.9949@SPYEM(1)FGDEEVM(1)CLNGNWTEPPQCK;"	"C:57.0215@SPYEMFGDEEVMC(1)LNGNWTEPPQC(1)K;N:2204.7725@SPYEMFGDEEVMCLNGN(1)WTEPPQCK;M:15.9949@SPYEM(1)FGDEEVM(1)CLNGNWTEPPQCK;"	""	""	""	""
"SRYPHKPEINSTTHPGADLQENFCR"	"SRYPHKPEIN[1913.6770]STTHPGADLQENFC[57.0215]R"	"R"	"N"	134	158	25	"4,5"	"10N(1913.6770),24C(57.0215)"	"sp|P00734|THRB_HUMAN"	"P00734"	"THRB_HUMAN"	"F2"	"Prothrombin"	""	"tr|C9JV37|C9JV37_HUMAN, tr|E9PIT3|E9PIT3_HUMAN"	0	0	2	3	0	0	0	0	12	10	14	14	0	0	11300703	9217888	0	0	0	0	234728512	628880000	1480201860	1206373500	0	0	11300703	9217888	0	0	0	0	254719408	504442688	1241852160	1326275330	"unmatched"	"unmatched"	"MS/MS"	"MS/MS"	"unmatched"	"unmatched"	"unmatched"	"unmatched"	"MS/MS"	"MS/MS"	"MS/MS"	"MS/MS"	""	""	"C:57.0215@SRYPHKPEINSTTHPGADLQENFC(1)R;N:1913.6770@SRYPHKPEIN(1)STTHPGADLQENFCR;"	"C:57.0215@SRYPHKPEINSTTHPGADLQENFC(1)R;N:1913.6770@SRYPHKPEIN(1)STTHPGADLQENFCR;"	""	""	""	""	"C:57.0215@SRYPHKPEINSTTHPGADLQENFC(1)R;N:1913.6770@SRYPHKPEIN(1)STTHPGADLQENFCR;"	"C:57.0215@SRYPHKPEINSTTHPGADLQENFC(1)R;N:1913.6770@SRYPHKPEIN(1)STTHPGADLQENFCR;"	"C:57.0215@SRYPHKPEINSTTHPGADLQENFC(1)R;N:1913.6770@SRYPHKPEIN(1)STTHPGADLQENFCR;"	"C:57.0215@SRYPHKPEINSTTHPGADLQENFC(1)R;N:1913.6770@SRYPHKPEIN(1)STTHPGADLQENFCR;"
"SRYPHKPEINSTTHPGADLQENFCR"	"SRYPHKPEIN[2204.7725]STTHPGADLQENFC[57.0215]R"	"R"	"N"	134	158	25	"3,4,5"	"10N(2204.7725),24C(57.0215)"	"sp|P00734|THRB_HUMAN"	"P00734"	"THRB_HUMAN"	"F2"	"Prothrombin"	""	"tr|C9JV37|C9JV37_HUMAN, tr|E9PIT3|E9PIT3_HUMAN"	0	0	3	4	0	0	0	0	14	16	18	14	0	0	73170120	37381124	0	0	0	0	4262079230	4948148200	4423395300	4687962100	0	0	74833336	47418568	0	0	0	0	3849592830	4144383740	2486855940	4257456130	"unmatched"	"unmatched"	"MS/MS"	"MS/MS"	"unmatched"	"unmatched"	"unmatched"	"unmatched"	"MS/MS"	"MS/MS"	"MS/MS"	"MS/MS"	""	""	"C:57.0215@SRYPHKPEINSTTHPGADLQENFC(1)R;N:2204.7725@SRYPHKPEIN(1)STTHPGADLQENFCR;"	"C:57.0215@SRYPHKPEINSTTHPGADLQENFC(1)R;N:2204.7725@SRYPHKPEIN(1)STTHPGADLQENFCR;"	""	""	""	""	"C:57.0215@SRYPHKPEINSTTHPGADLQENFC(1)R;N:2204.7725@SRYPHKPEIN(1)STTHPGADLQENFCR;"	"C:57.0215@SRYPHKPEINSTTHPGADLQENFC(1)R;N:2204.7725@SRYPHKPEIN(1)STTHPGADLQENFCR;"	"C:57.0215@SRYPHKPEINSTTHPGADLQENFC(1)R;N:2204.7725@SRYPHKPEIN(1)STTHPGADLQENFCR;"	"C:57.0215@SRYPHKPEINSTTHPGADLQENFC(1)R;N:2204.7725@SRYPHKPEIN(1)STTHPGADLQENFCR;"
"TNINSSRDPDNIAAWYLR"	"TNIN[2204.7725]SSRDPDNIAAWYLR"	"R"	"S"	1556	1573	18	"3,4,5"	"4N(2204.7725)"	"sp|P12259|FA5_HUMAN"	"P12259"	"FA5_HUMAN"	"F5"	"Coagulation factor V"	""	"tr|A0A0A0MRJ7|A0A0A0MRJ7_HUMAN"	0	0	0	0	5	5	6	9	3	4	3	5	0	0	0	0	270888224	80450512	3409453060	2731962110	86332368	78681536	90988128	69114672	0	0	0	0	185034400	50135928	2163468800	1552042110	54165256	51803116	56753656	44170360	"unmatched"	"unmatched"	"unmatched"	"unmatched"	"MS/MS"	"MS/MS"	"MS/MS"	"MS/MS"	"MS/MS"	"MS/MS"	"MS/MS"	"MS/MS"	""	""	""	""	"N:2204.7725@TNIN(1)SSRDPDNIAAWYLR;"	"N:2204.7725@TNIN(1)SSRDPDNIAAWYLR;"	"N:2204.7725@TNIN(1)SSRDPDNIAAWYLR;"	"N:2204.7725@TNIN(1)SSRDPDNIAAWYLR;"	"N:2204.7725@TNIN(1)SSRDPDNIAAWYLR;"	"N:2204.7725@TNIN(1)SSRDPDNIAAWYLR;"	"N:2204.7725@TNIN(1)SSRDPDNIAAWYLR;"	"N:2204.7725@TNIN(1)SSRDPDNIAAWYLR;"
"VSAITLVSATSTTANMTVGPEGK"	"VSAITLVSATSTTAN[1702.5813]M[15.9949]TVGPEGK"	"K"	"W"	283	305	23	"3,4"	"15N(1702.5813),16M(15.9949)"	"sp|P12259|FA5_HUMAN"	"P12259"	"FA5_HUMAN"	"F5"	"Coagulation factor V"	""	"tr|A0A0A0MRJ7|A0A0A0MRJ7_HUMAN"	1	1	0	0	9	8	8	8	2	2	4	2	9583502	7469500	0	5756875.5	1494987260	4592895000	2609120770	1879193730	48892896	86534624	93497696	111705704	12735307	9926056	0	7650186	344128800	3255460350	1851715070	1041289470	73730232	61016676	66479396	77569600	"MS/MS"	"MS/MS"	"unmatched"	"MBR"	"MS/MS"	"MS/MS"	"MS/MS"	"MS/MS"	"MS/MS"	"MS/MS"	"MS/MS"	"MS/MS"	"M:15.9949@VSAITLVSATSTTANM(1)TVGPEGK;N:1702.5813@VSAITLVSATSTTAN(1)MTVGPEGK;"	"M:15.9949@VSAITLVSATSTTANM(1)TVGPEGK;N:1702.5813@VSAITLVSATSTTAN(1)MTVGPEGK;"	""	""	"M:15.9949@VSAITLVSATSTTANM(1)TVGPEGK;N:1702.5813@VSAITLVSATSTTAN(1)MTVGPEGK;"	"M:15.9949@VSAITLVSATSTTANM(1)TVGPEGK;N:1702.5813@VSAITLVSATSTTAN(1)MTVGPEGK;"	"M:15.9949@VSAITLVSATSTTANM(1)TVGPEGK;N:1702.5813@VSAITLVSATSTTAN(1)MTVGPEGK;"	"M:15.9949@VSAITLVSATSTTANM(1)TVGPEGK;N:1702.5813@VSAITLVSATSTTAN(1)MTVGPEGK;"	"M:15.9949@VSAITLVSATSTTANM(1)TVGPEGK;N:1702.5813@VSAITLVSATSTTAN(1)MTVGPEGK;"	"M:15.9949@VSAITLVSATSTTANM(1)TVGPEGK;N:1702.5813@VSAITLVSATSTTAN(1)MTVGPEGK;"	"M:15.9949@VSAITLVSATSTTANM(1)TVGPEGK;N:1702.5813@VSAITLVSATSTTAN(1)MTVGPEGK;"	"M:15.9949@VSAITLVSATSTTANM(1)TVGPEGK;N:1702.5813@VSAITLVSATSTTAN(1)MTVGPEGK;"
"VSAITLVSATSTTANMTVGPEGK"	"VSAITLVSATSTTAN[1864.6342]M[15.9949]TVGPEGK"	"K"	"W"	283	305	23	"3,4"	"15N(1864.6342),16M(15.9949)"	"sp|P12259|FA5_HUMAN"	"P12259"	"FA5_HUMAN"	"F5"	"Coagulation factor V"	""	"tr|A0A0A0MRJ7|A0A0A0MRJ7_HUMAN"	3	2	2	3	20	22	20	21	3	3	3	4	27391658	29394896	28374280	20208308	4072859650	11686119400	7302384600	4571631100	228347456	195446240	188111552	237196960	19470742	21344202	19666388	25160510	1368828290	8624934900	5469255200	2298052610	167734192	146147248	139849296	178043200	"MS/MS"	"MS/MS"	"MS/MS"	"MS/MS"	"MS/MS"	"MS/MS"	"MS/MS"	"MS/MS"	"MS/MS"	"MS/MS"	"MS/MS"	"MS/MS"	"M:15.9949@VSAITLVSATSTTANM(1)TVGPEGK;N:1864.6342@VSAITLVSATSTTAN(1)MTVGPEGK;"	"M:15.9949@VSAITLVSATSTTANM(1)TVGPEGK;N:1864.6342@VSAITLVSATSTTAN(1)MTVGPEGK;"	"M:15.9949@VSAITLVSATSTTANM(1)TVGPEGK;N:1864.6342@VSAITLVSATSTTAN(1)MTVGPEGK;"	"M:15.9949@VSAITLVSATSTTANM(1)TVGPEGK;N:1864.6342@VSAITLVSATSTTAN(1)MTVGPEGK;"	"M:15.9949@VSAITLVSATSTTANM(1)TVGPEGK;N:1864.6342@VSAITLVSATSTTAN(1)MTVGPEGK;"	"M:15.9949@VSAITLVSATSTTANM(1)TVGPEGK;N:1864.6342@VSAITLVSATSTTAN(1)MTVGPEGK;"	"M:15.9949@VSAITLVSATSTTANM(1)TVGPEGK;N:1864.6342@VSAITLVSATSTTAN(1)MTVGPEGK;"	"M:15.9949@VSAITLVSATSTTANM(1)TVGPEGK;N:1864.6342@VSAITLVSATSTTAN(1)MTVGPEGK;"	"M:15.9949@VSAITLVSATSTTANM(1)TVGPEGK;N:1864.6342@VSAITLVSATSTTAN(1)MTVGPEGK;"	"M:15.9949@VSAITLVSATSTTANM(1)TVGPEGK;N:1864.6342@VSAITLVSATSTTAN(1)MTVGPEGK;"	"M:15.9949@VSAITLVSATSTTANM(1)TVGPEGK;N:1864.6342@VSAITLVSATSTTAN(1)MTVGPEGK;"	"M:15.9949@VSAITLVSATSTTANM(1)TVGPEGK;N:1864.6342@VSAITLVSATSTTAN(1)MTVGPEGK;"
"VSAITLVSATSTTANMTVGPEGK"	"VSAITLVSATSTTAN[3007.0579]MTVGPEGK"	"K"	"W"	283	305	23	"4,5"	"15N(3007.0579)"	"sp|P12259|FA5_HUMAN"	"P12259"	"FA5_HUMAN"	"F5"	"Coagulation factor V"	""	"tr|A0A0A0MRJ7|A0A0A0MRJ7_HUMAN"	0	0	0	0	1	1	1	0	0	0	0	0	0	0	0	0	695764350	1080644860	0	0	0	0	0	0	0	0	0	0	695764350	1080644860	0	0	0	0	0	0	"unmatched"	"unmatched"	"unmatched"	"unmatched"	"MS/MS"	"MS/MS"	"MS/MS"	"unmatched"	"unmatched"	"unmatched"	"unmatched"	"unmatched"	""	""	""	""	"N:3007.0579@VSAITLVSATSTTAN(1)MTVGPEGK;"	"N:3007.0579@VSAITLVSATSTTAN(1)MTVGPEGK;"	"N:3007.0579@VSAITLVSATSTTAN(1)MTVGPEGK;"	""	""	""	""	""
"VVLHPNYSQVDIGLIK"	"VVLHPN[1913.6770]YSQVDIGLIK"	"K"	"L"	236	251	16	"3,4,5"	"6N(1913.6770)"	"sp|P00738|HPT_HUMAN"	"P00738"	"HPT_HUMAN"	"HP"	"Haptoglobin"	""	"tr|A0A0C4DGL8|A0A0C4DGL8_HUMAN, tr|H0Y300|H0Y300_HUMAN, tr|H3BS21|H3BS21_HUMAN, tr|J3QLC9|J3QLC9_HUMAN, tr|J3QR68|J3QR68_HUMAN"	15	12	11	12	0	0	0	0	1	0	2	3	1669048320	702864130	2377354240	272584256	0	4975955.5	0	0	0	0	14426929	13690289	999592130	424689856	1436812290	110806104	0	5299228.5	0	0	0	0	18837358	17875522	"MS/MS"	"MS/MS"	"MS/MS"	"MS/MS"	"unmatched"	"MBR"	"unmatched"	"unmatched"	"MS/MS"	"unmatched"	"MS/MS"	"MS/MS"	"N:1913.6770@VVLHPN(1)YSQVDIGLIK;"	"N:1913.6770@VVLHPN(1)YSQVDIGLIK;"	"N:1913.6770@VVLHPN(1)YSQVDIGLIK;"	"N:1913.6770@VVLHPN(1)YSQVDIGLIK;"	""	""	""	""	"N:1913.6770@VVLHPN(1)YSQVDIGLIK;"	""	"N:1913.6770@VVLHPN(1)YSQVDIGLIK;"	"N:1913.6770@VVLHPN(1)YSQVDIGLIK;"
"VVLHPNYSQVDIGLIK"	"VVLHPN[2204.7725]YSQVDIGLIK"	"K"	"L"	236	251	16	"3,4,5"	"6N(2204.7725)"	"sp|P00738|HPT_HUMAN"	"P00738"	"HPT_HUMAN"	"HP"	"Haptoglobin"	""	"tr|A0A0C4DGL8|A0A0C4DGL8_HUMAN, tr|H0Y300|H0Y300_HUMAN, tr|H3BS21|H3BS21_HUMAN, tr|J3QLC9|J3QLC9_HUMAN, tr|J3QR68|J3QR68_HUMAN"	11	14	14	14	3	3	4	2	1	1	1	1	2519246850	102843104	385287552	4480137200	38091600	32670724	33545424	32306030	16027870	18457466	27560314	19350756	1018327100	46325280	194281360	2142684670	23845724	22002090	20933432	37357604	18534088	21343592	31869818	22376562	"MS/MS"	"MS/MS"	"MS/MS"	"MS/MS"	"MS/MS"	"MS/MS"	"MS/MS"	"MS/MS"	"MS/MS"	"MS/MS"	"MS/MS"	"MS/MS"	"N:2204.7725@VVLHPN(1)YSQVDIGLIK;"	"N:2204.7725@VVLHPN(1)YSQVDIGLIK;"	"N:2204.7725@VVLHPN(1)YSQVDIGLIK;"	"N:2204.7725@VVLHPN(1)YSQVDIGLIK;"	"N:2204.7725@VVLHPN(1)YSQVDIGLIK;"	"N:2204.7725@VVLHPN(1)YSQVDIGLIK;"	"N:2204.7725@VVLHPN(1)YSQVDIGLIK;"	"N:2204.7725@VVLHPN(1)YSQVDIGLIK;"	"N:2204.7725@VVLHPN(1)YSQVDIGLIK;"	"N:2204.7725@VVLHPN(1)YSQVDIGLIK;"	"N:2204.7725@VVLHPN(1)YSQVDIGLIK;"	"N:2204.7725@VVLHPN(1)YSQVDIGLIK;"
"VVLHPNYSQVDIGLIK"	"VVLHPN[2569.9045]YSQVDIGLIK"	"K"	"L"	236	251	16	"3,4,5"	"6N(2569.9045)"	"sp|P00738|HPT_HUMAN"	"P00738"	"HPT_HUMAN"	"HP"	"Haptoglobin"	""	"tr|A0A0C4DGL8|A0A0C4DGL8_HUMAN, tr|H0Y300|H0Y300_HUMAN, tr|H3BS21|H3BS21_HUMAN, tr|J3QLC9|J3QLC9_HUMAN, tr|J3QR68|J3QR68_HUMAN"	6	8	8	8	0	0	0	0	0	0	0	0	178505584	219519456	1204273790	472169312	0	0	0	0	0	0	0	0	152247664	149222960	581967360	300875552	0	0	0	0	0	0	0	0	"MS/MS"	"MS/MS"	"MS/MS"	"MS/MS"	"unmatched"	"unmatched"	"unmatched"	"unmatched"	"unmatched"	"unmatched"	"unmatched"	"unmatched"	"N:2569.9045@VVLHPN(1)YSQVDIGLIK;"	"N:2569.9045@VVLHPN(1)YSQVDIGLIK;"	"N:2569.9045@VVLHPN(1)YSQVDIGLIK;"	"N:2569.9045@VVLHPN(1)YSQVDIGLIK;"	""	""	""	""	""	""	""	""
"YPHKPEINSTTHPGADLQENFCR"	"YPHKPEIN[1913.6770]STTHPGADLQENFC[57.0215]R"	"R"	"N"	136	158	23	"3,4,5"	"8N(1913.6770),22C(57.0215)"	"sp|P00734|THRB_HUMAN"	"P00734"	"THRB_HUMAN"	"F2"	"Prothrombin"	""	"tr|C9JV37|C9JV37_HUMAN, tr|E9PIT3|E9PIT3_HUMAN"	0	0	2	1	0	0	0	0	18	15	19	20	0	0	24136424	19033900	0	0	0	0	3028128260	359954112	3566260220	758662270	0	0	24136424	19033900	0	0	0	0	2447023870	292782432	1679881470	565127300	"unmatched"	"unmatched"	"MS/MS"	"MS/MS"	"unmatched"	"unmatched"	"unmatched"	"unmatched"	"MS/MS"	"MS/MS"	"MS/MS"	"MS/MS"	""	""	"C:57.0215@YPHKPEINSTTHPGADLQENFC(1)R;N:1913.6770@YPHKPEIN(1)STTHPGADLQENFCR;"	"C:57.0215@YPHKPEINSTTHPGADLQENFC(1)R;N:1913.6770@YPHKPEIN(1)STTHPGADLQENFCR;"	""	""	""	""	"C:57.0215@YPHKPEINSTTHPGADLQENFC(1)R;N:1913.6770@YPHKPEIN(1)STTHPGADLQENFCR;"	"C:57.0215@YPHKPEINSTTHPGADLQENFC(1)R;N:1913.6770@YPHKPEIN(1)STTHPGADLQENFCR;"	"C:57.0215@YPHKPEINSTTHPGADLQENFC(1)R;N:1913.6770@YPHKPEIN(1)STTHPGADLQENFCR;"	"C:57.0215@YPHKPEINSTTHPGADLQENFC(1)R;N:1913.6770@YPHKPEIN(1)STTHPGADLQENFCR;"
"YPHKPEINSTTHPGADLQENFCR"	"YPHKPEIN[2204.7725]STTHPGADLQENFC[57.0215]R"	"R"	"N"	136	158	23	"3,4,5"	"8N(2204.7725),22C(57.0215)"	"sp|P00734|THRB_HUMAN"	"P00734"	"THRB_HUMAN"	"F2"	"Prothrombin"	""	"tr|C9JV37|C9JV37_HUMAN, tr|E9PIT3|E9PIT3_HUMAN"	0	0	2	3	0	0	0	0	18	17	18	20	0	0	171580944	75851624	0	0	0	0	853214720	5198981600	970795010	1048947460	0	0	124305552	56383824	0	0	0	0	547059390	1627279870	640952380	713979260	"unmatched"	"unmatched"	"MS/MS"	"MS/MS"	"unmatched"	"unmatched"	"unmatched"	"unmatched"	"MS/MS"	"MS/MS"	"MS/MS"	"MS/MS"	""	""	"C:57.0215@YPHKPEINSTTHPGADLQENFC(1)R;N:2204.7725@YPHKPEIN(1)STTHPGADLQENFCR;"	"C:57.0215@YPHKPEINSTTHPGADLQENFC(1)R;N:2204.7725@YPHKPEIN(1)STTHPGADLQENFCR;"	""	""	""	""	"C:57.0215@YPHKPEINSTTHPGADLQENFC(1)R;N:2204.7725@YPHKPEIN(1)STTHPGADLQENFCR;"	"C:57.0215@YPHKPEINSTTHPGADLQENFC(1)R;N:2204.7725@YPHKPEIN(1)STTHPGADLQENFCR;"	"C:57.0215@YPHKPEINSTTHPGADLQENFC(1)R;N:2204.7725@YPHKPEIN(1)STTHPGADLQENFCR;"	"C:57.0215@YPHKPEINSTTHPGADLQENFC(1)R;N:2204.7725@YPHKPEIN(1)STTHPGADLQENFCR;"
